day_number,product,places,price
1,Целебные травы,Анор Лондо,11.26
2,Целебные травы,Анор Лондо,11.26
3,Целебные травы,Анор Лондо,11.26
4,Целебные травы,Анор Лондо,11.23
5,Целебные травы,Анор Лондо,11.23
6,Целебные травы,Анор Лондо,11.23
7,Целебные травы,Анор Лондо,11.26
8,Целебные травы,Анор Лондо,11.26
9,Целебные травы,Анор Лондо,11.26
10,Целебные травы,Анор Лондо,11.29
11,Целебные травы,Анор Лондо,11.29
12,Целебные травы,Анор Лондо,11.29
13,Целебные травы,Анор Лондо,11.31
14,Целебные травы,Анор Лондо,11.31
15,Целебные травы,Анор Лондо,11.31
16,Целебные травы,Анор Лондо,11.34
17,Целебные травы,Анор Лондо,11.34
18,Целебные травы,Анор Лондо,11.34
19,Целебные травы,Анор Лондо,11.37
20,Целебные травы,Анор Лондо,11.37
21,Целебные травы,Анор Лондо,11.37
22,Целебные травы,Анор Лондо,11.4
23,Целебные травы,Анор Лондо,11.4
24,Целебные травы,Анор Лондо,11.4
25,Целебные травы,Анор Лондо,11.42
26,Целебные травы,Анор Лондо,11.42
27,Целебные травы,Анор Лондо,11.42
28,Целебные травы,Анор Лондо,11.45
29,Целебные травы,Анор Лондо,11.45
30,Целебные травы,Анор Лондо,11.45
31,Целебные травы,Анор Лондо,11.48
32,Целебные травы,Анор Лондо,11.48
33,Целебные травы,Анор Лондо,11.48
34,Целебные травы,Анор Лондо,11.5
35,Целебные травы,Анор Лондо,11.5
36,Целебные травы,Анор Лондо,11.5
37,Целебные травы,Анор Лондо,11.46
38,Целебные травы,Анор Лондо,11.46
39,Целебные травы,Анор Лондо,11.46
40,Целебные травы,Анор Лондо,11.49
41,Целебные травы,Анор Лондо,11.49
42,Целебные травы,Анор Лондо,11.49
43,Целебные травы,Анор Лондо,11.52
44,Целебные травы,Анор Лондо,11.52
45,Целебные травы,Анор Лондо,11.52
46,Целебные травы,Анор Лондо,11.55
47,Целебные травы,Анор Лондо,11.55
48,Целебные травы,Анор Лондо,11.55
49,Целебные травы,Анор Лондо,11.57
50,Целебные травы,Анор Лондо,11.57
51,Целебные травы,Анор Лондо,11.57
52,Целебные травы,Анор Лондо,11.6
53,Целебные травы,Анор Лондо,11.6
54,Целебные травы,Анор Лондо,11.6
55,Целебные травы,Анор Лондо,11.63
56,Целебные травы,Анор Лондо,11.63
57,Целебные травы,Анор Лондо,11.63
58,Целебные травы,Анор Лондо,11.65
59,Целебные травы,Анор Лондо,11.65
60,Целебные травы,Анор Лондо,11.65
61,Целебные травы,Анор Лондо,11.68
62,Целебные травы,Анор Лондо,11.68
63,Целебные травы,Анор Лондо,11.68
64,Целебные травы,Анор Лондо,11.71
65,Целебные травы,Анор Лондо,11.71
66,Целебные травы,Анор Лондо,11.71
67,Целебные травы,Анор Лондо,11.68
68,Целебные травы,Анор Лондо,11.68
69,Целебные травы,Анор Лондо,11.68
70,Целебные травы,Анор Лондо,11.71
71,Целебные травы,Анор Лондо,11.71
72,Целебные травы,Анор Лондо,11.71
73,Целебные травы,Анор Лондо,11.73
74,Целебные травы,Анор Лондо,11.73
75,Целебные травы,Анор Лондо,11.73
76,Целебные травы,Анор Лондо,11.76
77,Целебные травы,Анор Лондо,11.76
78,Целебные травы,Анор Лондо,11.76
79,Целебные травы,Анор Лондо,11.79
80,Целебные травы,Анор Лондо,11.79
81,Целебные травы,Анор Лондо,11.79
82,Целебные травы,Анор Лондо,11.81
83,Целебные травы,Анор Лондо,11.81
84,Целебные травы,Анор Лондо,11.81
85,Целебные травы,Анор Лондо,11.84
86,Целебные травы,Анор Лондо,11.84
87,Целебные травы,Анор Лондо,11.84
88,Целебные травы,Анор Лондо,11.87
89,Целебные травы,Анор Лондо,11.87
90,Целебные травы,Анор Лондо,11.87
1,Эльфийская пыльца,Анор Лондо,19.95
2,Эльфийская пыльца,Анор Лондо,19.95
3,Эльфийская пыльца,Анор Лондо,19.95
4,Эльфийская пыльца,Анор Лондо,20.95
5,Эльфийская пыльца,Анор Лондо,20.95
6,Эльфийская пыльца,Анор Лондо,20.95
7,Эльфийская пыльца,Анор Лондо,21.95
8,Эльфийская пыльца,Анор Лондо,21.95
9,Эльфийская пыльца,Анор Лондо,21.95
10,Эльфийская пыльца,Анор Лондо,22.95
11,Эльфийская пыльца,Анор Лондо,22.95
12,Эльфийская пыльца,Анор Лондо,22.95
13,Эльфийская пыльца,Анор Лондо,23.28
14,Эльфийская пыльца,Анор Лондо,23.28
15,Эльфийская пыльца,Анор Лондо,23.28
16,Эльфийская пыльца,Анор Лондо,23.32
17,Эльфийская пыльца,Анор Лондо,23.32
18,Эльфийская пыльца,Анор Лондо,23.32
19,Эльфийская пыльца,Анор Лондо,23.36
20,Эльфийская пыльца,Анор Лондо,23.36
21,Эльфийская пыльца,Анор Лондо,23.36
22,Эльфийская пыльца,Анор Лондо,23.4
23,Эльфийская пыльца,Анор Лондо,23.4
24,Эльфийская пыльца,Анор Лондо,23.4
25,Эльфийская пыльца,Анор Лондо,23.44
26,Эльфийская пыльца,Анор Лондо,23.44
27,Эльфийская пыльца,Анор Лондо,23.44
28,Эльфийская пыльца,Анор Лондо,23.48
29,Эльфийская пыльца,Анор Лондо,23.48
30,Эльфийская пыльца,Анор Лондо,23.48
31,Эльфийская пыльца,Анор Лондо,23.52
32,Эльфийская пыльца,Анор Лондо,23.52
33,Эльфийская пыльца,Анор Лондо,23.52
34,Эльфийская пыльца,Анор Лондо,23.56
35,Эльфийская пыльца,Анор Лондо,23.56
36,Эльфийская пыльца,Анор Лондо,23.56
37,Эльфийская пыльца,Анор Лондо,23.51
38,Эльфийская пыльца,Анор Лондо,23.51
39,Эльфийская пыльца,Анор Лондо,23.51
40,Эльфийская пыльца,Анор Лондо,23.55
41,Эльфийская пыльца,Анор Лондо,23.55
42,Эльфийская пыльца,Анор Лондо,23.55
43,Эльфийская пыльца,Анор Лондо,23.59
44,Эльфийская пыльца,Анор Лондо,23.59
45,Эльфийская пыльца,Анор Лондо,23.59
46,Эльфийская пыльца,Анор Лондо,23.63
47,Эльфийская пыльца,Анор Лондо,23.63
48,Эльфийская пыльца,Анор Лондо,23.63
49,Эльфийская пыльца,Анор Лондо,23.67
50,Эльфийская пыльца,Анор Лондо,23.67
51,Эльфийская пыльца,Анор Лондо,23.67
52,Эльфийская пыльца,Анор Лондо,23.71
53,Эльфийская пыльца,Анор Лондо,23.71
54,Эльфийская пыльца,Анор Лондо,23.71
55,Эльфийская пыльца,Анор Лондо,23.75
56,Эльфийская пыльца,Анор Лондо,23.75
57,Эльфийская пыльца,Анор Лондо,23.75
58,Эльфийская пыльца,Анор Лондо,23.79
59,Эльфийская пыльца,Анор Лондо,23.79
60,Эльфийская пыльца,Анор Лондо,23.79
61,Эльфийская пыльца,Анор Лондо,23.83
62,Эльфийская пыльца,Анор Лондо,23.83
63,Эльфийская пыльца,Анор Лондо,23.83
64,Эльфийская пыльца,Анор Лондо,23.87
65,Эльфийская пыльца,Анор Лондо,23.87
66,Эльфийская пыльца,Анор Лондо,23.87
67,Эльфийская пыльца,Анор Лондо,23.83
68,Эльфийская пыльца,Анор Лондо,23.83
69,Эльфийская пыльца,Анор Лондо,23.83
70,Эльфийская пыльца,Анор Лондо,23.87
71,Эльфийская пыльца,Анор Лондо,23.87
72,Эльфийская пыльца,Анор Лондо,23.87
73,Эльфийская пыльца,Анор Лондо,23.91
74,Эльфийская пыльца,Анор Лондо,23.91
75,Эльфийская пыльца,Анор Лондо,23.91
76,Эльфийская пыльца,Анор Лондо,23.95
77,Эльфийская пыльца,Анор Лондо,23.95
78,Эльфийская пыльца,Анор Лондо,23.95
79,Эльфийская пыльца,Анор Лондо,23.99
80,Эльфийская пыльца,Анор Лондо,23.99
81,Эльфийская пыльца,Анор Лондо,23.99
82,Эльфийская пыльца,Анор Лондо,24.03
83,Эльфийская пыльца,Анор Лондо,24.03
84,Эльфийская пыльца,Анор Лондо,24.03
85,Эльфийская пыльца,Анор Лондо,24.07
86,Эльфийская пыльца,Анор Лондо,24.07
87,Эльфийская пыльца,Анор Лондо,24.07
88,Эльфийская пыльца,Анор Лондо,24.11
89,Эльфийская пыльца,Анор Лондо,24.11
90,Эльфийская пыльца,Анор Лондо,24.11
1,Эстус,Анор Лондо,11.69
2,Эстус,Анор Лондо,11.69
3,Эстус,Анор Лондо,11.69
4,Эстус,Анор Лондо,12.69
5,Эстус,Анор Лондо,12.69
6,Эстус,Анор Лондо,12.69
7,Эстус,Анор Лондо,13.69
8,Эстус,Анор Лондо,13.69
9,Эстус,Анор Лондо,13.69
10,Эстус,Анор Лондо,14.21
11,Эстус,Анор Лондо,14.21
12,Эстус,Анор Лондо,14.21
13,Эстус,Анор Лондо,14.22
14,Эстус,Анор Лондо,14.22
15,Эстус,Анор Лондо,14.22
16,Эстус,Анор Лондо,14.23
17,Эстус,Анор Лондо,14.23
18,Эстус,Анор Лондо,14.23
19,Эстус,Анор Лондо,14.24
20,Эстус,Анор Лондо,14.24
21,Эстус,Анор Лондо,14.24
22,Эстус,Анор Лондо,14.25
23,Эстус,Анор Лондо,14.25
24,Эстус,Анор Лондо,14.25
25,Эстус,Анор Лондо,14.26
26,Эстус,Анор Лондо,14.26
27,Эстус,Анор Лондо,14.26
28,Эстус,Анор Лондо,14.27
29,Эстус,Анор Лондо,14.27
30,Эстус,Анор Лондо,14.27
31,Эстус,Анор Лондо,14.28
32,Эстус,Анор Лондо,14.28
33,Эстус,Анор Лондо,14.28
34,Эстус,Анор Лондо,14.29
35,Эстус,Анор Лондо,14.29
36,Эстус,Анор Лондо,14.29
37,Эстус,Анор Лондо,14.45
38,Эстус,Анор Лондо,14.45
39,Эстус,Анор Лондо,14.45
40,Эстус,Анор Лондо,14.46
41,Эстус,Анор Лондо,14.46
42,Эстус,Анор Лондо,14.46
43,Эстус,Анор Лондо,14.47
44,Эстус,Анор Лондо,14.47
45,Эстус,Анор Лондо,14.47
46,Эстус,Анор Лондо,14.48
47,Эстус,Анор Лондо,14.48
48,Эстус,Анор Лондо,14.48
49,Эстус,Анор Лондо,14.49
50,Эстус,Анор Лондо,14.49
51,Эстус,Анор Лондо,14.49
52,Эстус,Анор Лондо,14.5
53,Эстус,Анор Лондо,14.5
54,Эстус,Анор Лондо,14.5
55,Эстус,Анор Лондо,14.51
56,Эстус,Анор Лондо,14.51
57,Эстус,Анор Лондо,14.51
58,Эстус,Анор Лондо,14.52
59,Эстус,Анор Лондо,14.52
60,Эстус,Анор Лондо,14.52
61,Эстус,Анор Лондо,14.53
62,Эстус,Анор Лондо,14.53
63,Эстус,Анор Лондо,14.53
64,Эстус,Анор Лондо,14.54
65,Эстус,Анор Лондо,14.54
66,Эстус,Анор Лондо,14.54
67,Эстус,Анор Лондо,14.71
68,Эстус,Анор Лондо,14.71
69,Эстус,Анор Лондо,14.71
70,Эстус,Анор Лондо,14.72
71,Эстус,Анор Лондо,14.72
72,Эстус,Анор Лондо,14.72
73,Эстус,Анор Лондо,14.73
74,Эстус,Анор Лондо,14.73
75,Эстус,Анор Лондо,14.73
76,Эстус,Анор Лондо,14.74
77,Эстус,Анор Лондо,14.74
78,Эстус,Анор Лондо,14.74
79,Эстус,Анор Лондо,14.75
80,Эстус,Анор Лондо,14.75
81,Эстус,Анор Лондо,14.75
82,Эстус,Анор Лондо,14.76
83,Эстус,Анор Лондо,14.76
84,Эстус,Анор Лондо,14.76
85,Эстус,Анор Лондо,14.77
86,Эстус,Анор Лондо,14.77
87,Эстус,Анор Лондо,14.77
88,Эстус,Анор Лондо,14.78
89,Эстус,Анор Лондо,14.78
90,Эстус,Анор Лондо,14.78
1,Целебные травы,Врата Балдура,17.12
2,Целебные травы,Врата Балдура,17.12
3,Целебные травы,Врата Балдура,17.12
4,Целебные травы,Врата Балдура,18.12
5,Целебные травы,Врата Балдура,18.12
6,Целебные травы,Врата Балдура,18.12
7,Целебные травы,Врата Балдура,19.11
8,Целебные травы,Врата Балдура,19.11
9,Целебные травы,Врата Балдура,19.11
10,Целебные травы,Врата Балдура,19.15
11,Целебные травы,Врата Балдура,19.15
12,Целебные травы,Врата Балдура,19.15
13,Целебные травы,Врата Балдура,19.19
14,Целебные травы,Врата Балдура,19.19
15,Целебные травы,Врата Балдура,19.19
16,Целебные травы,Врата Балдура,19.23
17,Целебные травы,Врата Балдура,19.23
18,Целебные травы,Врата Балдура,19.23
19,Целебные травы,Врата Балдура,19.27
20,Целебные травы,Врата Балдура,19.27
21,Целебные травы,Врата Балдура,19.27
22,Целебные травы,Врата Балдура,19.3
23,Целебные травы,Врата Балдура,19.3
24,Целебные травы,Врата Балдура,19.3
25,Целебные травы,Врата Балдура,19.34
26,Целебные травы,Врата Балдура,19.34
27,Целебные травы,Врата Балдура,19.34
28,Целебные травы,Врата Балдура,19.38
29,Целебные травы,Врата Балдура,19.38
30,Целебные травы,Врата Балдура,19.38
31,Целебные травы,Врата Балдура,19.42
32,Целебные травы,Врата Балдура,19.42
33,Целебные травы,Врата Балдура,19.42
34,Целебные травы,Врата Балдура,19.46
35,Целебные травы,Врата Балдура,19.46
36,Целебные травы,Врата Балдура,19.46
37,Целебные травы,Врата Балдура,19.4
38,Целебные травы,Врата Балдура,19.4
39,Целебные травы,Врата Балдура,19.4
40,Целебные травы,Врата Балдура,19.44
41,Целебные травы,Врата Балдура,19.44
42,Целебные травы,Врата Балдура,19.44
43,Целебные травы,Врата Балдура,19.47
44,Целебные травы,Врата Балдура,19.47
45,Целебные травы,Врата Балдура,19.47
46,Целебные травы,Врата Балдура,19.51
47,Целебные травы,Врата Балдура,19.51
48,Целебные травы,Врата Балдура,19.51
49,Целебные травы,Врата Балдура,19.55
50,Целебные травы,Врата Балдура,19.55
51,Целебные травы,Врата Балдура,19.55
52,Целебные травы,Врата Балдура,19.59
53,Целебные травы,Врата Балдура,19.59
54,Целебные травы,Врата Балдура,19.59
55,Целебные травы,Врата Балдура,19.63
56,Целебные травы,Врата Балдура,19.63
57,Целебные травы,Врата Балдура,19.63
58,Целебные травы,Врата Балдура,19.67
59,Целебные травы,Врата Балдура,19.67
60,Целебные травы,Врата Балдура,19.67
61,Целебные травы,Врата Балдура,19.71
62,Целебные травы,Врата Балдура,19.71
63,Целебные травы,Врата Балдура,19.71
64,Целебные травы,Врата Балдура,19.75
65,Целебные травы,Врата Балдура,19.75
66,Целебные травы,Врата Балдура,19.75
67,Целебные травы,Врата Балдура,19.7
68,Целебные травы,Врата Балдура,19.7
69,Целебные травы,Врата Балдура,19.7
70,Целебные травы,Врата Балдура,19.74
71,Целебные травы,Врата Балдура,19.74
72,Целебные травы,Врата Балдура,19.74
73,Целебные травы,Врата Балдура,19.78
74,Целебные травы,Врата Балдура,19.78
75,Целебные травы,Врата Балдура,19.78
76,Целебные травы,Врата Балдура,19.81
77,Целебные травы,Врата Балдура,19.81
78,Целебные травы,Врата Балдура,19.81
79,Целебные травы,Врата Балдура,19.85
80,Целебные травы,Врата Балдура,19.85
81,Целебные травы,Врата Балдура,19.85
82,Целебные травы,Врата Балдура,19.89
83,Целебные травы,Врата Балдура,19.89
84,Целебные травы,Врата Балдура,19.89
85,Целебные травы,Врата Балдура,19.93
86,Целебные травы,Врата Балдура,19.93
87,Целебные травы,Врата Балдура,19.93
88,Целебные травы,Врата Балдура,19.97
89,Целебные травы,Врата Балдура,19.97
90,Целебные травы,Врата Балдура,19.97
1,Эльфийская пыльца,Врата Балдура,23.08
2,Эльфийская пыльца,Врата Балдура,23.08
3,Эльфийская пыльца,Врата Балдура,23.08
4,Эльфийская пыльца,Врата Балдура,24.08
5,Эльфийская пыльца,Врата Балдура,24.08
6,Эльфийская пыльца,Врата Балдура,24.08
7,Эльфийская пыльца,Врата Балдура,25.08
8,Эльфийская пыльца,Врата Балдура,25.08
9,Эльфийская пыльца,Врата Балдура,25.08
10,Эльфийская пыльца,Врата Балдура,26.08
11,Эльфийская пыльца,Врата Балдура,26.08
12,Эльфийская пыльца,Врата Балдура,26.08
13,Эльфийская пыльца,Врата Балдура,27.08
14,Эльфийская пыльца,Врата Балдура,27.08
15,Эльфийская пыльца,Врата Балдура,27.08
16,Эльфийская пыльца,Врата Балдура,28.08
17,Эльфийская пыльца,Врата Балдура,28.08
18,Эльфийская пыльца,Врата Балдура,28.08
19,Эльфийская пыльца,Врата Балдура,29.08
20,Эльфийская пыльца,Врата Балдура,29.08
21,Эльфийская пыльца,Врата Балдура,29.08
22,Эльфийская пыльца,Врата Балдура,30.08
23,Эльфийская пыльца,Врата Балдура,30.08
24,Эльфийская пыльца,Врата Балдура,30.08
25,Эльфийская пыльца,Врата Балдура,31.08
26,Эльфийская пыльца,Врата Балдура,31.08
27,Эльфийская пыльца,Врата Балдура,31.08
28,Эльфийская пыльца,Врата Балдура,31.5
29,Эльфийская пыльца,Врата Балдура,31.5
30,Эльфийская пыльца,Врата Балдура,31.5
31,Эльфийская пыльца,Врата Балдура,31.53
32,Эльфийская пыльца,Врата Балдура,31.53
33,Эльфийская пыльца,Врата Балдура,31.53
34,Эльфийская пыльца,Врата Балдура,31.56
35,Эльфийская пыльца,Врата Балдура,31.56
36,Эльфийская пыльца,Врата Балдура,31.56
37,Эльфийская пыльца,Врата Балдура,31.76
38,Эльфийская пыльца,Врата Балдура,31.76
39,Эльфийская пыльца,Врата Балдура,31.76
40,Эльфийская пыльца,Врата Балдура,31.79
41,Эльфийская пыльца,Врата Балдура,31.79
42,Эльфийская пыльца,Врата Балдура,31.79
43,Эльфийская пыльца,Врата Балдура,31.81
44,Эльфийская пыльца,Врата Балдура,31.81
45,Эльфийская пыльца,Врата Балдура,31.81
46,Эльфийская пыльца,Врата Балдура,31.84
47,Эльфийская пыльца,Врата Балдура,31.84
48,Эльфийская пыльца,Врата Балдура,31.84
49,Эльфийская пыльца,Врата Балдура,31.87
50,Эльфийская пыльца,Врата Балдура,31.87
51,Эльфийская пыльца,Врата Балдура,31.87
52,Эльфийская пыльца,Врата Балдура,31.9
53,Эльфийская пыльца,Врата Балдура,31.9
54,Эльфийская пыльца,Врата Балдура,31.9
55,Эльфийская пыльца,Врата Балдура,31.93
56,Эльфийская пыльца,Врата Балдура,31.93
57,Эльфийская пыльца,Врата Балдура,31.93
58,Эльфийская пыльца,Врата Балдура,31.95
59,Эльфийская пыльца,Врата Балдура,31.95
60,Эльфийская пыльца,Врата Балдура,31.95
61,Эльфийская пыльца,Врата Балдура,31.98
62,Эльфийская пыльца,Врата Балдура,31.98
63,Эльфийская пыльца,Врата Балдура,31.98
64,Эльфийская пыльца,Врата Балдура,32.01
65,Эльфийская пыльца,Врата Балдура,32.01
66,Эльфийская пыльца,Врата Балдура,32.01
67,Эльфийская пыльца,Врата Балдура,32.22
68,Эльфийская пыльца,Врата Балдура,32.22
69,Эльфийская пыльца,Врата Балдура,32.22
70,Эльфийская пыльца,Врата Балдура,32.25
71,Эльфийская пыльца,Врата Балдура,32.25
72,Эльфийская пыльца,Врата Балдура,32.25
73,Эльфийская пыльца,Врата Балдура,32.28
74,Эльфийская пыльца,Врата Балдура,32.28
75,Эльфийская пыльца,Врата Балдура,32.28
76,Эльфийская пыльца,Врата Балдура,32.31
77,Эльфийская пыльца,Врата Балдура,32.31
78,Эльфийская пыльца,Врата Балдура,32.31
79,Эльфийская пыльца,Врата Балдура,32.33
80,Эльфийская пыльца,Врата Балдура,32.33
81,Эльфийская пыльца,Врата Балдура,32.33
82,Эльфийская пыльца,Врата Балдура,32.36
83,Эльфийская пыльца,Врата Балдура,32.36
84,Эльфийская пыльца,Врата Балдура,32.36
85,Эльфийская пыльца,Врата Балдура,32.39
86,Эльфийская пыльца,Врата Балдура,32.39
87,Эльфийская пыльца,Врата Балдура,32.39
88,Эльфийская пыльца,Врата Балдура,32.42
89,Эльфийская пыльца,Врата Балдура,32.42
90,Эльфийская пыльца,Врата Балдура,32.42
1,Эстус,Врата Балдура,21.33
2,Эстус,Врата Балдура,21.33
3,Эстус,Врата Балдура,21.33
4,Эстус,Врата Балдура,22.33
5,Эстус,Врата Балдура,22.33
6,Эстус,Врата Балдура,22.33
7,Эстус,Врата Балдура,23.33
8,Эстус,Врата Балдура,23.33
9,Эстус,Врата Балдура,23.33
10,Эстус,Врата Балдура,24.33
11,Эстус,Врата Балдура,24.33
12,Эстус,Врата Балдура,24.33
13,Эстус,Врата Балдура,24.68
14,Эстус,Врата Балдура,24.68
15,Эстус,Врата Балдура,24.68
16,Эстус,Врата Балдура,24.72
17,Эстус,Врата Балдура,24.72
18,Эстус,Врата Балдура,24.72
19,Эстус,Врата Балдура,24.77
20,Эстус,Врата Балдура,24.77
21,Эстус,Врата Балдура,24.77
22,Эстус,Врата Балдура,24.81
23,Эстус,Врата Балдура,24.81
24,Эстус,Врата Балдура,24.81
25,Эстус,Врата Балдура,24.85
26,Эстус,Врата Балдура,24.85
27,Эстус,Врата Балдура,24.85
28,Эстус,Врата Балдура,24.89
29,Эстус,Врата Балдура,24.89
30,Эстус,Врата Балдура,24.89
31,Эстус,Врата Балдура,24.94
32,Эстус,Врата Балдура,24.94
33,Эстус,Врата Балдура,24.94
34,Эстус,Врата Балдура,24.98
35,Эстус,Врата Балдура,24.98
36,Эстус,Врата Балдура,24.98
37,Эстус,Врата Балдура,25.03
38,Эстус,Врата Балдура,25.03
39,Эстус,Врата Балдура,25.03
40,Эстус,Врата Балдура,25.07
41,Эстус,Врата Балдура,25.07
42,Эстус,Врата Балдура,25.07
43,Эстус,Врата Балдура,25.11
44,Эстус,Врата Балдура,25.11
45,Эстус,Врата Балдура,25.11
46,Эстус,Врата Балдура,25.15
47,Эстус,Врата Балдура,25.15
48,Эстус,Врата Балдура,25.15
49,Эстус,Врата Балдура,25.2
50,Эстус,Врата Балдура,25.2
51,Эстус,Врата Балдура,25.2
52,Эстус,Врата Балдура,25.24
53,Эстус,Врата Балдура,25.24
54,Эстус,Врата Балдура,25.24
55,Эстус,Врата Балдура,25.28
56,Эстус,Врата Балдура,25.28
57,Эстус,Врата Балдура,25.28
58,Эстус,Врата Балдура,25.32
59,Эстус,Врата Балдура,25.32
60,Эстус,Врата Балдура,25.32
61,Эстус,Врата Балдура,25.37
62,Эстус,Врата Балдура,25.37
63,Эстус,Врата Балдура,25.37
64,Эстус,Врата Балдура,25.41
65,Эстус,Врата Балдура,25.41
66,Эстус,Врата Балдура,25.41
67,Эстус,Врата Балдура,25.47
68,Эстус,Врата Балдура,25.47
69,Эстус,Врата Балдура,25.47
70,Эстус,Врата Балдура,25.51
71,Эстус,Врата Балдура,25.51
72,Эстус,Врата Балдура,25.51
73,Эстус,Врата Балдура,25.55
74,Эстус,Врата Балдура,25.55
75,Эстус,Врата Балдура,25.55
76,Эстус,Врата Балдура,25.6
77,Эстус,Врата Балдура,25.6
78,Эстус,Врата Балдура,25.6
79,Эстус,Врата Балдура,25.64
80,Эстус,Врата Балдура,25.64
81,Эстус,Врата Балдура,25.64
82,Эстус,Врата Балдура,25.68
83,Эстус,Врата Балдура,25.68
84,Эстус,Врата Балдура,25.68
85,Эстус,Врата Балдура,25.72
86,Эстус,Врата Балдура,25.72
87,Эстус,Врата Балдура,25.72
88,Эстус,Врата Балдура,25.77
89,Эстус,Врата Балдура,25.77
90,Эстус,Врата Балдура,25.77
1,Целебные травы,Кеджистан,18.99
2,Целебные травы,Кеджистан,18.99
3,Целебные травы,Кеджистан,18.99
4,Целебные травы,Кеджистан,19.09
5,Целебные травы,Кеджистан,19.09
6,Целебные травы,Кеджистан,19.09
7,Целебные травы,Кеджистан,19.13
8,Целебные травы,Кеджистан,19.13
9,Целебные травы,Кеджистан,19.13
10,Целебные травы,Кеджистан,19.16
11,Целебные травы,Кеджистан,19.16
12,Целебные травы,Кеджистан,19.16
13,Целебные травы,Кеджистан,19.2
14,Целебные травы,Кеджистан,19.2
15,Целебные травы,Кеджистан,19.2
16,Целебные травы,Кеджистан,19.24
17,Целебные травы,Кеджистан,19.24
18,Целебные травы,Кеджистан,19.24
19,Целебные травы,Кеджистан,19.28
20,Целебные травы,Кеджистан,19.28
21,Целебные травы,Кеджистан,19.28
22,Целебные травы,Кеджистан,19.31
23,Целебные травы,Кеджистан,19.31
24,Целебные травы,Кеджистан,19.31
25,Целебные травы,Кеджистан,19.35
26,Целебные травы,Кеджистан,19.35
27,Целебные травы,Кеджистан,19.35
28,Целебные травы,Кеджистан,19.39
29,Целебные травы,Кеджистан,19.39
30,Целебные травы,Кеджистан,19.39
31,Целебные травы,Кеджистан,19.43
32,Целебные травы,Кеджистан,19.43
33,Целебные травы,Кеджистан,19.43
34,Целебные травы,Кеджистан,19.47
35,Целебные травы,Кеджистан,19.47
36,Целебные травы,Кеджистан,19.47
37,Целебные травы,Кеджистан,19.55
38,Целебные травы,Кеджистан,19.55
39,Целебные травы,Кеджистан,19.55
40,Целебные травы,Кеджистан,19.59
41,Целебные травы,Кеджистан,19.59
42,Целебные травы,Кеджистан,19.59
43,Целебные травы,Кеджистан,19.62
44,Целебные травы,Кеджистан,19.62
45,Целебные травы,Кеджистан,19.62
46,Целебные травы,Кеджистан,19.66
47,Целебные травы,Кеджистан,19.66
48,Целебные травы,Кеджистан,19.66
49,Целебные травы,Кеджистан,19.7
50,Целебные травы,Кеджистан,19.7
51,Целебные травы,Кеджистан,19.7
52,Целебные травы,Кеджистан,19.74
53,Целебные травы,Кеджистан,19.74
54,Целебные травы,Кеджистан,19.74
55,Целебные травы,Кеджистан,19.77
56,Целебные травы,Кеджистан,19.77
57,Целебные травы,Кеджистан,19.77
58,Целебные травы,Кеджистан,19.81
59,Целебные травы,Кеджистан,19.81
60,Целебные травы,Кеджистан,19.81
61,Целебные травы,Кеджистан,19.85
62,Целебные травы,Кеджистан,19.85
63,Целебные травы,Кеджистан,19.85
64,Целебные травы,Кеджистан,19.89
65,Целебные травы,Кеджистан,19.89
66,Целебные травы,Кеджистан,19.89
67,Целебные травы,Кеджистан,19.98
68,Целебные травы,Кеджистан,19.98
69,Целебные травы,Кеджистан,19.98
70,Целебные травы,Кеджистан,20.02
71,Целебные травы,Кеджистан,20.02
72,Целебные травы,Кеджистан,20.02
73,Целебные травы,Кеджистан,20.06
74,Целебные травы,Кеджистан,20.06
75,Целебные травы,Кеджистан,20.06
76,Целебные травы,Кеджистан,20.1
77,Целебные травы,Кеджистан,20.1
78,Целебные травы,Кеджистан,20.1
79,Целебные травы,Кеджистан,20.13
80,Целебные травы,Кеджистан,20.13
81,Целебные травы,Кеджистан,20.13
82,Целебные травы,Кеджистан,20.17
83,Целебные травы,Кеджистан,20.17
84,Целебные травы,Кеджистан,20.17
85,Целебные травы,Кеджистан,20.21
86,Целебные травы,Кеджистан,20.21
87,Целебные травы,Кеджистан,20.21
88,Целебные травы,Кеджистан,20.25
89,Целебные травы,Кеджистан,20.25
90,Целебные травы,Кеджистан,20.25
1,Эльфийская пыльца,Кеджистан,32.2
2,Эльфийская пыльца,Кеджистан,32.2
3,Эльфийская пыльца,Кеджистан,32.2
4,Эльфийская пыльца,Кеджистан,33.2
5,Эльфийская пыльца,Кеджистан,33.2
6,Эльфийская пыльца,Кеджистан,33.2
7,Эльфийская пыльца,Кеджистан,34.2
8,Эльфийская пыльца,Кеджистан,34.2
9,Эльфийская пыльца,Кеджистан,34.2
10,Эльфийская пыльца,Кеджистан,35.2
11,Эльфийская пыльца,Кеджистан,35.2
12,Эльфийская пыльца,Кеджистан,35.2
13,Эльфийская пыльца,Кеджистан,36.2
14,Эльфийская пыльца,Кеджистан,36.2
15,Эльфийская пыльца,Кеджистан,36.2
16,Эльфийская пыльца,Кеджистан,37.2
17,Эльфийская пыльца,Кеджистан,37.2
18,Эльфийская пыльца,Кеджистан,37.2
19,Эльфийская пыльца,Кеджистан,38.2
20,Эльфийская пыльца,Кеджистан,38.2
21,Эльфийская пыльца,Кеджистан,38.2
22,Эльфийская пыльца,Кеджистан,38.85
23,Эльфийская пыльца,Кеджистан,38.85
24,Эльфийская пыльца,Кеджистан,38.85
25,Эльфийская пыльца,Кеджистан,38.93
26,Эльфийская пыльца,Кеджистан,38.93
27,Эльфийская пыльца,Кеджистан,38.93
28,Эльфийская пыльца,Кеджистан,39.0
29,Эльфийская пыльца,Кеджистан,39.0
30,Эльфийская пыльца,Кеджистан,39.0
31,Эльфийская пыльца,Кеджистан,39.07
32,Эльфийская пыльца,Кеджистан,39.07
33,Эльфийская пыльца,Кеджистан,39.07
34,Эльфийская пыльца,Кеджистан,39.15
35,Эльфийская пыльца,Кеджистан,39.15
36,Эльфийская пыльца,Кеджистан,39.15
37,Эльфийская пыльца,Кеджистан,39.28
38,Эльфийская пыльца,Кеджистан,39.28
39,Эльфийская пыльца,Кеджистан,39.28
40,Эльфийская пыльца,Кеджистан,39.36
41,Эльфийская пыльца,Кеджистан,39.36
42,Эльфийская пыльца,Кеджистан,39.36
43,Эльфийская пыльца,Кеджистан,39.43
44,Эльфийская пыльца,Кеджистан,39.43
45,Эльфийская пыльца,Кеджистан,39.43
46,Эльфийская пыльца,Кеджистан,39.5
47,Эльфийская пыльца,Кеджистан,39.5
48,Эльфийская пыльца,Кеджистан,39.5
49,Эльфийская пыльца,Кеджистан,39.57
50,Эльфийская пыльца,Кеджистан,39.57
51,Эльфийская пыльца,Кеджистан,39.57
52,Эльфийская пыльца,Кеджистан,39.65
53,Эльфийская пыльца,Кеджистан,39.65
54,Эльфийская пыльца,Кеджистан,39.65
55,Эльфийская пыльца,Кеджистан,39.72
56,Эльфийская пыльца,Кеджистан,39.72
57,Эльфийская пыльца,Кеджистан,39.72
58,Эльфийская пыльца,Кеджистан,39.79
59,Эльфийская пыльца,Кеджистан,39.79
60,Эльфийская пыльца,Кеджистан,39.79
61,Эльфийская пыльца,Кеджистан,39.87
62,Эльфийская пыльца,Кеджистан,39.87
63,Эльфийская пыльца,Кеджистан,39.87
64,Эльфийская пыльца,Кеджистан,39.94
65,Эльфийская пыльца,Кеджистан,39.94
66,Эльфийская пыльца,Кеджистан,39.94
67,Эльфийская пыльца,Кеджистан,40.1
68,Эльфийская пыльца,Кеджистан,40.1
69,Эльфийская пыльца,Кеджистан,40.1
70,Эльфийская пыльца,Кеджистан,40.17
71,Эльфийская пыльца,Кеджистан,40.17
72,Эльфийская пыльца,Кеджистан,40.17
73,Эльфийская пыльца,Кеджистан,40.25
74,Эльфийская пыльца,Кеджистан,40.25
75,Эльфийская пыльца,Кеджистан,40.25
76,Эльфийская пыльца,Кеджистан,40.32
77,Эльфийская пыльца,Кеджистан,40.32
78,Эльфийская пыльца,Кеджистан,40.32
79,Эльфийская пыльца,Кеджистан,40.39
80,Эльфийская пыльца,Кеджистан,40.39
81,Эльфийская пыльца,Кеджистан,40.39
82,Эльфийская пыльца,Кеджистан,40.46
83,Эльфийская пыльца,Кеджистан,40.46
84,Эльфийская пыльца,Кеджистан,40.46
85,Эльфийская пыльца,Кеджистан,40.54
86,Эльфийская пыльца,Кеджистан,40.54
87,Эльфийская пыльца,Кеджистан,40.54
88,Эльфийская пыльца,Кеджистан,40.61
89,Эльфийская пыльца,Кеджистан,40.61
90,Эльфийская пыльца,Кеджистан,40.61
1,Эстус,Кеджистан,25.42
2,Эстус,Кеджистан,25.42
3,Эстус,Кеджистан,25.42
4,Эстус,Кеджистан,26.42
5,Эстус,Кеджистан,26.42
6,Эстус,Кеджистан,26.42
7,Эстус,Кеджистан,27.42
8,Эстус,Кеджистан,27.42
9,Эстус,Кеджистан,27.42
10,Эстус,Кеджистан,28.42
11,Эстус,Кеджистан,28.42
12,Эстус,Кеджистан,28.42
13,Эстус,Кеджистан,28.87
14,Эстус,Кеджистан,28.87
15,Эстус,Кеджистан,28.87
16,Эстус,Кеджистан,28.93
17,Эстус,Кеджистан,28.93
18,Эстус,Кеджистан,28.93
19,Эстус,Кеджистан,28.98
20,Эстус,Кеджистан,28.98
21,Эстус,Кеджистан,28.98
22,Эстус,Кеджистан,29.04
23,Эстус,Кеджистан,29.04
24,Эстус,Кеджистан,29.04
25,Эстус,Кеджистан,29.1
26,Эстус,Кеджистан,29.1
27,Эстус,Кеджистан,29.1
28,Эстус,Кеджистан,29.15
29,Эстус,Кеджистан,29.15
30,Эстус,Кеджистан,29.15
31,Эстус,Кеджистан,29.21
32,Эстус,Кеджистан,29.21
33,Эстус,Кеджистан,29.21
34,Эстус,Кеджистан,29.26
35,Эстус,Кеджистан,29.26
36,Эстус,Кеджистан,29.26
37,Эстус,Кеджистан,29.48
38,Эстус,Кеджистан,29.48
39,Эстус,Кеджистан,29.48
40,Эстус,Кеджистан,29.53
41,Эстус,Кеджистан,29.53
42,Эстус,Кеджистан,29.53
43,Эстус,Кеджистан,29.59
44,Эстус,Кеджистан,29.59
45,Эстус,Кеджистан,29.59
46,Эстус,Кеджистан,29.65
47,Эстус,Кеджистан,29.65
48,Эстус,Кеджистан,29.65
49,Эстус,Кеджистан,29.7
50,Эстус,Кеджистан,29.7
51,Эстус,Кеджистан,29.7
52,Эстус,Кеджистан,29.76
53,Эстус,Кеджистан,29.76
54,Эстус,Кеджистан,29.76
55,Эстус,Кеджистан,29.81
56,Эстус,Кеджистан,29.81
57,Эстус,Кеджистан,29.81
58,Эстус,Кеджистан,29.87
59,Эстус,Кеджистан,29.87
60,Эстус,Кеджистан,29.87
61,Эстус,Кеджистан,29.92
62,Эстус,Кеджистан,29.92
63,Эстус,Кеджистан,29.92
64,Эстус,Кеджистан,29.98
65,Эстус,Кеджистан,29.98
66,Эстус,Кеджистан,29.98
67,Эстус,Кеджистан,30.21
68,Эстус,Кеджистан,30.21
69,Эстус,Кеджистан,30.21
70,Эстус,Кеджистан,30.27
71,Эстус,Кеджистан,30.27
72,Эстус,Кеджистан,30.27
73,Эстус,Кеджистан,30.32
74,Эстус,Кеджистан,30.32
75,Эстус,Кеджистан,30.32
76,Эстус,Кеджистан,30.38
77,Эстус,Кеджистан,30.38
78,Эстус,Кеджистан,30.38
79,Эстус,Кеджистан,30.44
80,Эстус,Кеджистан,30.44
81,Эстус,Кеджистан,30.44
82,Эстус,Кеджистан,30.49
83,Эстус,Кеджистан,30.49
84,Эстус,Кеджистан,30.49
85,Эстус,Кеджистан,30.55
86,Эстус,Кеджистан,30.55
87,Эстус,Кеджистан,30.55
88,Эстус,Кеджистан,30.6
89,Эстус,Кеджистан,30.6
90,Эстус,Кеджистан,30.6
1,Целебные травы,Нокрон,10.16
2,Целебные травы,Нокрон,10.16
3,Целебные травы,Нокрон,10.16
4,Целебные травы,Нокрон,10.25
5,Целебные травы,Нокрон,10.25
6,Целебные травы,Нокрон,10.25
7,Целебные травы,Нокрон,10.26
8,Целебные травы,Нокрон,10.26
9,Целебные травы,Нокрон,10.26
10,Целебные травы,Нокрон,10.27
11,Целебные травы,Нокрон,10.27
12,Целебные травы,Нокрон,10.27
13,Целебные травы,Нокрон,10.29
14,Целебные травы,Нокрон,10.29
15,Целебные травы,Нокрон,10.29
16,Целебные травы,Нокрон,10.3
17,Целебные травы,Нокрон,10.3
18,Целебные травы,Нокрон,10.3
19,Целебные травы,Нокрон,10.31
20,Целебные травы,Нокрон,10.31
21,Целебные травы,Нокрон,10.31
22,Целебные травы,Нокрон,10.33
23,Целебные травы,Нокрон,10.33
24,Целебные травы,Нокрон,10.33
25,Целебные травы,Нокрон,10.34
26,Целебные травы,Нокрон,10.34
27,Целебные травы,Нокрон,10.34
28,Целебные травы,Нокрон,10.36
29,Целебные травы,Нокрон,10.36
30,Целебные травы,Нокрон,10.36
31,Целебные травы,Нокрон,10.37
32,Целебные травы,Нокрон,10.37
33,Целебные травы,Нокрон,10.37
34,Целебные травы,Нокрон,10.38
35,Целебные травы,Нокрон,10.38
36,Целебные травы,Нокрон,10.38
37,Целебные травы,Нокрон,10.47
38,Целебные травы,Нокрон,10.47
39,Целебные травы,Нокрон,10.47
40,Целебные травы,Нокрон,10.48
41,Целебные травы,Нокрон,10.48
42,Целебные травы,Нокрон,10.48
43,Целебные травы,Нокрон,10.5
44,Целебные травы,Нокрон,10.5
45,Целебные травы,Нокрон,10.5
46,Целебные травы,Нокрон,10.51
47,Целебные травы,Нокрон,10.51
48,Целебные травы,Нокрон,10.51
49,Целебные травы,Нокрон,10.52
50,Целебные травы,Нокрон,10.52
51,Целебные травы,Нокрон,10.52
52,Целебные травы,Нокрон,10.54
53,Целебные травы,Нокрон,10.54
54,Целебные травы,Нокрон,10.54
55,Целебные травы,Нокрон,10.55
56,Целебные травы,Нокрон,10.55
57,Целебные травы,Нокрон,10.55
58,Целебные травы,Нокрон,10.56
59,Целебные травы,Нокрон,10.56
60,Целебные травы,Нокрон,10.56
61,Целебные травы,Нокрон,10.58
62,Целебные травы,Нокрон,10.58
63,Целебные травы,Нокрон,10.58
64,Целебные травы,Нокрон,10.59
65,Целебные травы,Нокрон,10.59
66,Целебные травы,Нокрон,10.59
67,Целебные травы,Нокрон,10.68
68,Целебные травы,Нокрон,10.68
69,Целебные травы,Нокрон,10.68
70,Целебные травы,Нокрон,10.69
71,Целебные травы,Нокрон,10.69
72,Целебные травы,Нокрон,10.69
73,Целебные травы,Нокрон,10.71
74,Целебные травы,Нокрон,10.71
75,Целебные травы,Нокрон,10.71
76,Целебные травы,Нокрон,10.72
77,Целебные травы,Нокрон,10.72
78,Целебные травы,Нокрон,10.72
79,Целебные травы,Нокрон,10.74
80,Целебные травы,Нокрон,10.74
81,Целебные травы,Нокрон,10.74
82,Целебные травы,Нокрон,10.75
83,Целебные травы,Нокрон,10.75
84,Целебные травы,Нокрон,10.75
85,Целебные травы,Нокрон,10.76
86,Целебные травы,Нокрон,10.76
87,Целебные травы,Нокрон,10.76
88,Целебные травы,Нокрон,10.78
89,Целебные травы,Нокрон,10.78
90,Целебные травы,Нокрон,10.78
1,Эльфийская пыльца,Нокрон,19.11
2,Эльфийская пыльца,Нокрон,19.11
3,Эльфийская пыльца,Нокрон,19.11
4,Эльфийская пыльца,Нокрон,19.65
5,Эльфийская пыльца,Нокрон,19.65
6,Эльфийская пыльца,Нокрон,19.65
7,Эльфийская пыльца,Нокрон,19.69
8,Эльфийская пыльца,Нокрон,19.69
9,Эльфийская пыльца,Нокрон,19.69
10,Эльфийская пыльца,Нокрон,19.73
11,Эльфийская пыльца,Нокрон,19.73
12,Эльфийская пыльца,Нокрон,19.73
13,Эльфийская пыльца,Нокрон,19.77
14,Эльфийская пыльца,Нокрон,19.77
15,Эльфийская пыльца,Нокрон,19.77
16,Эльфийская пыльца,Нокрон,19.81
17,Эльфийская пыльца,Нокрон,19.81
18,Эльфийская пыльца,Нокрон,19.81
19,Эльфийская пыльца,Нокрон,19.85
20,Эльфийская пыльца,Нокрон,19.85
21,Эльфийская пыльца,Нокрон,19.85
22,Эльфийская пыльца,Нокрон,19.89
23,Эльфийская пыльца,Нокрон,19.89
24,Эльфийская пыльца,Нокрон,19.89
25,Эльфийская пыльца,Нокрон,19.93
26,Эльфийская пыльца,Нокрон,19.93
27,Эльфийская пыльца,Нокрон,19.93
28,Эльфийская пыльца,Нокрон,19.97
29,Эльфийская пыльца,Нокрон,19.97
30,Эльфийская пыльца,Нокрон,19.97
31,Эльфийская пыльца,Нокрон,20.01
32,Эльфийская пыльца,Нокрон,20.01
33,Эльфийская пыльца,Нокрон,20.01
34,Эльфийская пыльца,Нокрон,20.05
35,Эльфийская пыльца,Нокрон,20.05
36,Эльфийская пыльца,Нокрон,20.05
37,Эльфийская пыльца,Нокрон,19.98
38,Эльфийская пыльца,Нокрон,19.98
39,Эльфийская пыльца,Нокрон,19.98
40,Эльфийская пыльца,Нокрон,20.02
41,Эльфийская пыльца,Нокрон,20.02
42,Эльфийская пыльца,Нокрон,20.02
43,Эльфийская пыльца,Нокрон,20.06
44,Эльфийская пыльца,Нокрон,20.06
45,Эльфийская пыльца,Нокрон,20.06
46,Эльфийская пыльца,Нокрон,20.1
47,Эльфийская пыльца,Нокрон,20.1
48,Эльфийская пыльца,Нокрон,20.1
49,Эльфийская пыльца,Нокрон,20.14
50,Эльфийская пыльца,Нокрон,20.14
51,Эльфийская пыльца,Нокрон,20.14
52,Эльфийская пыльца,Нокрон,20.18
53,Эльфийская пыльца,Нокрон,20.18
54,Эльфийская пыльца,Нокрон,20.18
55,Эльфийская пыльца,Нокрон,20.22
56,Эльфийская пыльца,Нокрон,20.22
57,Эльфийская пыльца,Нокрон,20.22
58,Эльфийская пыльца,Нокрон,20.26
59,Эльфийская пыльца,Нокрон,20.26
60,Эльфийская пыльца,Нокрон,20.26
61,Эльфийская пыльца,Нокрон,20.31
62,Эльфийская пыльца,Нокрон,20.31
63,Эльфийская пыльца,Нокрон,20.31
64,Эльфийская пыльца,Нокрон,20.35
65,Эльфийская пыльца,Нокрон,20.35
66,Эльфийская пыльца,Нокрон,20.35
67,Эльфийская пыльца,Нокрон,20.29
68,Эльфийская пыльца,Нокрон,20.29
69,Эльфийская пыльца,Нокрон,20.29
70,Эльфийская пыльца,Нокрон,20.33
71,Эльфийская пыльца,Нокрон,20.33
72,Эльфийская пыльца,Нокрон,20.33
73,Эльфийская пыльца,Нокрон,20.37
74,Эльфийская пыльца,Нокрон,20.37
75,Эльфийская пыльца,Нокрон,20.37
76,Эльфийская пыльца,Нокрон,20.41
77,Эльфийская пыльца,Нокрон,20.41
78,Эльфийская пыльца,Нокрон,20.41
79,Эльфийская пыльца,Нокрон,20.45
80,Эльфийская пыльца,Нокрон,20.45
81,Эльфийская пыльца,Нокрон,20.45
82,Эльфийская пыльца,Нокрон,20.49
83,Эльфийская пыльца,Нокрон,20.49
84,Эльфийская пыльца,Нокрон,20.49
85,Эльфийская пыльца,Нокрон,20.53
86,Эльфийская пыльца,Нокрон,20.53
87,Эльфийская пыльца,Нокрон,20.53
88,Эльфийская пыльца,Нокрон,20.57
89,Эльфийская пыльца,Нокрон,20.57
90,Эльфийская пыльца,Нокрон,20.57
1,Эстус,Нокрон,10.97
2,Эстус,Нокрон,10.97
3,Эстус,Нокрон,10.97
4,Эстус,Нокрон,11.97
5,Эстус,Нокрон,11.97
6,Эстус,Нокрон,11.97
7,Эстус,Нокрон,12.64
8,Эстус,Нокрон,12.64
9,Эстус,Нокрон,12.64
10,Эстус,Нокрон,12.66
11,Эстус,Нокрон,12.66
12,Эстус,Нокрон,12.66
13,Эстус,Нокрон,12.68
14,Эстус,Нокрон,12.68
15,Эстус,Нокрон,12.68
16,Эстус,Нокрон,12.7
17,Эстус,Нокрон,12.7
18,Эстус,Нокрон,12.7
19,Эстус,Нокрон,12.71
20,Эстус,Нокрон,12.71
21,Эстус,Нокрон,12.71
22,Эстус,Нокрон,12.73
23,Эстус,Нокрон,12.73
24,Эстус,Нокрон,12.73
25,Эстус,Нокрон,12.75
26,Эстус,Нокрон,12.75
27,Эстус,Нокрон,12.75
28,Эстус,Нокрон,12.77
29,Эстус,Нокрон,12.77
30,Эстус,Нокрон,12.77
31,Эстус,Нокрон,12.79
32,Эстус,Нокрон,12.79
33,Эстус,Нокрон,12.79
34,Эстус,Нокрон,12.81
35,Эстус,Нокрон,12.81
36,Эстус,Нокрон,12.81
37,Эстус,Нокрон,12.89
38,Эстус,Нокрон,12.89
39,Эстус,Нокрон,12.89
40,Эстус,Нокрон,12.91
41,Эстус,Нокрон,12.91
42,Эстус,Нокрон,12.91
43,Эстус,Нокрон,12.93
44,Эстус,Нокрон,12.93
45,Эстус,Нокрон,12.93
46,Эстус,Нокрон,12.95
47,Эстус,Нокрон,12.95
48,Эстус,Нокрон,12.95
49,Эстус,Нокрон,12.96
50,Эстус,Нокрон,12.96
51,Эстус,Нокрон,12.96
52,Эстус,Нокрон,12.98
53,Эстус,Нокрон,12.98
54,Эстус,Нокрон,12.98
55,Эстус,Нокрон,13.0
56,Эстус,Нокрон,13.0
57,Эстус,Нокрон,13.0
58,Эстус,Нокрон,13.02
59,Эстус,Нокрон,13.02
60,Эстус,Нокрон,13.02
61,Эстус,Нокрон,13.04
62,Эстус,Нокрон,13.04
63,Эстус,Нокрон,13.04
64,Эстус,Нокрон,13.05
65,Эстус,Нокрон,13.05
66,Эстус,Нокрон,13.05
67,Эстус,Нокрон,13.15
68,Эстус,Нокрон,13.15
69,Эстус,Нокрон,13.15
70,Эстус,Нокрон,13.16
71,Эстус,Нокрон,13.16
72,Эстус,Нокрон,13.16
73,Эстус,Нокрон,13.18
74,Эстус,Нокрон,13.18
75,Эстус,Нокрон,13.18
76,Эстус,Нокрон,13.2
77,Эстус,Нокрон,13.2
78,Эстус,Нокрон,13.2
79,Эстус,Нокрон,13.22
80,Эстус,Нокрон,13.22
81,Эстус,Нокрон,13.22
82,Эстус,Нокрон,13.24
83,Эстус,Нокрон,13.24
84,Эстус,Нокрон,13.24
85,Эстус,Нокрон,13.26
86,Эстус,Нокрон,13.26
87,Эстус,Нокрон,13.26
88,Эстус,Нокрон,13.27
89,Эстус,Нокрон,13.27
90,Эстус,Нокрон,13.27
1,Целебные травы,Фалькония,11.97
2,Целебные травы,Фалькония,11.97
3,Целебные травы,Фалькония,11.97
4,Целебные травы,Фалькония,12.97
5,Целебные травы,Фалькония,12.97
6,Целебные травы,Фалькония,12.97
7,Целебные травы,Фалькония,13.97
8,Целебные травы,Фалькония,13.97
9,Целебные травы,Фалькония,13.97
10,Целебные травы,Фалькония,14.97
11,Целебные травы,Фалькония,14.97
12,Целебные травы,Фалькония,14.97
13,Целебные травы,Фалькония,15.66
14,Целебные травы,Фалькония,15.66
15,Целебные травы,Фалькония,15.66
16,Целебные травы,Фалькония,15.68
17,Целебные травы,Фалькония,15.68
18,Целебные травы,Фалькония,15.68
19,Целебные травы,Фалькония,15.69
20,Целебные травы,Фалькония,15.69
21,Целебные травы,Фалькония,15.69
22,Целебные травы,Фалькония,15.71
23,Целебные травы,Фалькония,15.71
24,Целебные травы,Фалькония,15.71
25,Целебные травы,Фалькония,15.73
26,Целебные травы,Фалькония,15.73
27,Целебные травы,Фалькония,15.73
28,Целебные травы,Фалькония,15.74
29,Целебные травы,Фалькония,15.74
30,Целебные травы,Фалькония,15.74
31,Целебные травы,Фалькония,15.76
32,Целебные травы,Фалькония,15.76
33,Целебные травы,Фалькония,15.76
34,Целебные травы,Фалькония,15.78
35,Целебные травы,Фалькония,15.78
36,Целебные травы,Фалькония,15.78
37,Целебные травы,Фалькония,15.88
38,Целебные травы,Фалькония,15.88
39,Целебные травы,Фалькония,15.88
40,Целебные травы,Фалькония,15.9
41,Целебные травы,Фалькония,15.9
42,Целебные травы,Фалькония,15.9
43,Целебные травы,Фалькония,15.92
44,Целебные травы,Фалькония,15.92
45,Целебные травы,Фалькония,15.92
46,Целебные травы,Фалькония,15.93
47,Целебные травы,Фалькония,15.93
48,Целебные травы,Фалькония,15.93
49,Целебные травы,Фалькония,15.95
50,Целебные травы,Фалькония,15.95
51,Целебные травы,Фалькония,15.95
52,Целебные травы,Фалькония,15.97
53,Целебные травы,Фалькония,15.97
54,Целебные травы,Фалькония,15.97
55,Целебные травы,Фалькония,15.98
56,Целебные травы,Фалькония,15.98
57,Целебные травы,Фалькония,15.98
58,Целебные травы,Фалькония,16.0
59,Целебные травы,Фалькония,16.0
60,Целебные травы,Фалькония,16.0
61,Целебные травы,Фалькония,16.02
62,Целебные травы,Фалькония,16.02
63,Целебные травы,Фалькония,16.02
64,Целебные травы,Фалькония,16.03
65,Целебные травы,Фалькония,16.03
66,Целебные травы,Фалькония,16.03
67,Целебные травы,Фалькония,16.15
68,Целебные травы,Фалькония,16.15
69,Целебные травы,Фалькония,16.15
70,Целебные травы,Фалькония,16.16
71,Целебные травы,Фалькония,16.16
72,Целебные травы,Фалькония,16.16
73,Целебные травы,Фалькония,16.18
74,Целебные травы,Фалькония,16.18
75,Целебные травы,Фалькония,16.18
76,Целебные травы,Фалькония,16.2
77,Целебные травы,Фалькония,16.2
78,Целебные травы,Фалькония,16.2
79,Целебные травы,Фалькония,16.21
80,Целебные травы,Фалькония,16.21
81,Целебные травы,Фалькония,16.21
82,Целебные травы,Фалькония,16.23
83,Целебные травы,Фалькония,16.23
84,Целебные травы,Фалькония,16.23
85,Целебные травы,Фалькония,16.25
86,Целебные травы,Фалькония,16.25
87,Целебные травы,Фалькония,16.25
88,Целебные травы,Фалькония,16.26
89,Целебные травы,Фалькония,16.26
90,Целебные травы,Фалькония,16.26
1,Эльфийская пыльца,Фалькония,16.28
2,Эльфийская пыльца,Фалькония,16.28
3,Эльфийская пыльца,Фалькония,16.28
4,Эльфийская пыльца,Фалькония,17.28
5,Эльфийская пыльца,Фалькония,17.28
6,Эльфийская пыльца,Фалькония,17.28
7,Эльфийская пыльца,Фалькония,18.28
8,Эльфийская пыльца,Фалькония,18.28
9,Эльфийская пыльца,Фалькония,18.28
10,Эльфийская пыльца,Фалькония,19.28
11,Эльфийская пыльца,Фалькония,19.28
12,Эльфийская пыльца,Фалькония,19.28
13,Эльфийская пыльца,Фалькония,20.28
14,Эльфийская пыльца,Фалькония,20.28
15,Эльфийская пыльца,Фалькония,20.28
16,Эльфийская пыльца,Фалькония,21.28
17,Эльфийская пыльца,Фалькония,21.28
18,Эльфийская пыльца,Фалькония,21.28
19,Эльфийская пыльца,Фалькония,22.28
20,Эльфийская пыльца,Фалькония,22.28
21,Эльфийская пыльца,Фалькония,22.28
22,Эльфийская пыльца,Фалькония,22.47
23,Эльфийская пыльца,Фалькония,22.47
24,Эльфийская пыльца,Фалькония,22.47
25,Эльфийская пыльца,Фалькония,22.48
26,Эльфийская пыльца,Фалькония,22.48
27,Эльфийская пыльца,Фалькония,22.48
28,Эльфийская пыльца,Фалькония,22.5
29,Эльфийская пыльца,Фалькония,22.5
30,Эльфийская пыльца,Фалькония,22.5
31,Эльфийская пыльца,Фалькония,22.51
32,Эльфийская пыльца,Фалькония,22.51
33,Эльфийская пыльца,Фалькония,22.51
34,Эльфийская пыльца,Фалькония,22.53
35,Эльфийская пыльца,Фалькония,22.53
36,Эльфийская пыльца,Фалькония,22.53
37,Эльфийская пыльца,Фалькония,22.68
38,Эльфийская пыльца,Фалькония,22.68
39,Эльфийская пыльца,Фалькония,22.68
40,Эльфийская пыльца,Фалькония,22.7
41,Эльфийская пыльца,Фалькония,22.7
42,Эльфийская пыльца,Фалькония,22.7
43,Эльфийская пыльца,Фалькония,22.71
44,Эльфийская пыльца,Фалькония,22.71
45,Эльфийская пыльца,Фалькония,22.71
46,Эльфийская пыльца,Фалькония,22.73
47,Эльфийская пыльца,Фалькония,22.73
48,Эльфийская пыльца,Фалькония,22.73
49,Эльфийская пыльца,Фалькония,22.74
50,Эльфийская пыльца,Фалькония,22.74
51,Эльфийская пыльца,Фалькония,22.74
52,Эльфийская пыльца,Фалькония,22.76
53,Эльфийская пыльца,Фалькония,22.76
54,Эльфийская пыльца,Фалькония,22.76
55,Эльфийская пыльца,Фалькония,22.77
56,Эльфийская пыльца,Фалькония,22.77
57,Эльфийская пыльца,Фалькония,22.77
58,Эльфийская пыльца,Фалькония,22.79
59,Эльфийская пыльца,Фалькония,22.79
60,Эльфийская пыльца,Фалькония,22.79
61,Эльфийская пыльца,Фалькония,22.8
62,Эльфийская пыльца,Фалькония,22.8
63,Эльфийская пыльца,Фалькония,22.8
64,Эльфийская пыльца,Фалькония,22.82
65,Эльфийская пыльца,Фалькония,22.82
66,Эльфийская пыльца,Фалькония,22.82
67,Эльфийская пыльца,Фалькония,22.98
68,Эльфийская пыльца,Фалькония,22.98
69,Эльфийская пыльца,Фалькония,22.98
70,Эльфийская пыльца,Фалькония,22.99
71,Эльфийская пыльца,Фалькония,22.99
72,Эльфийская пыльца,Фалькония,22.99
73,Эльфийская пыльца,Фалькония,23.01
74,Эльфийская пыльца,Фалькония,23.01
75,Эльфийская пыльца,Фалькония,23.01
76,Эльфийская пыльца,Фалькония,23.02
77,Эльфийская пыльца,Фалькония,23.02
78,Эльфийская пыльца,Фалькония,23.02
79,Эльфийская пыльца,Фалькония,23.04
80,Эльфийская пыльца,Фалькония,23.04
81,Эльфийская пыльца,Фалькония,23.04
82,Эльфийская пыльца,Фалькония,23.05
83,Эльфийская пыльца,Фалькония,23.05
84,Эльфийская пыльца,Фалькония,23.05
85,Эльфийская пыльца,Фалькония,23.07
86,Эльфийская пыльца,Фалькония,23.07
87,Эльфийская пыльца,Фалькония,23.07
88,Эльфийская пыльца,Фалькония,23.08
89,Эльфийская пыльца,Фалькония,23.08
90,Эльфийская пыльца,Фалькония,23.08
1,Эстус,Фалькония,10.28
2,Эстус,Фалькония,10.28
3,Эстус,Фалькония,10.28
4,Эстус,Фалькония,11.28
5,Эстус,Фалькония,11.28
6,Эстус,Фалькония,11.28
7,Эстус,Фалькония,12.28
8,Эстус,Фалькония,12.28
9,Эстус,Фалькония,12.28
10,Эстус,Фалькония,13.28
11,Эстус,Фалькония,13.28
12,Эстус,Фалькония,13.28
13,Эстус,Фалькония,14.28
14,Эстус,Фалькония,14.28
15,Эстус,Фалькония,14.28
16,Эстус,Фалькония,15.28
17,Эстус,Фалькония,15.28
18,Эстус,Фалькония,15.28
19,Эстус,Фалькония,16.28
20,Эстус,Фалькония,16.28
21,Эстус,Фалькония,16.28
22,Эстус,Фалькония,17.28
23,Эстус,Фалькония,17.28
24,Эстус,Фалькония,17.28
25,Эстус,Фалькония,18.28
26,Эстус,Фалькония,18.28
27,Эстус,Фалькония,18.28
28,Эстус,Фалькония,18.58
29,Эстус,Фалькония,18.58
30,Эстус,Фалькония,18.58
31,Эстус,Фалькония,18.62
32,Эстус,Фалькония,18.62
33,Эстус,Фалькония,18.62
34,Эстус,Фалькония,18.66
35,Эстус,Фалькония,18.66
36,Эстус,Фалькония,18.66
37,Эстус,Фалькония,18.58
38,Эстус,Фалькония,18.58
39,Эстус,Фалькония,18.58
40,Эстус,Фалькония,18.63
41,Эстус,Фалькония,18.63
42,Эстус,Фалькония,18.63
43,Эстус,Фалькония,18.67
44,Эстус,Фалькония,18.67
45,Эстус,Фалькония,18.67
46,Эстус,Фалькония,18.71
47,Эстус,Фалькония,18.71
48,Эстус,Фалькония,18.71
49,Эстус,Фалькония,18.76
50,Эстус,Фалькония,18.76
51,Эстус,Фалькония,18.76
52,Эстус,Фалькония,18.8
53,Эстус,Фалькония,18.8
54,Эстус,Фалькония,18.8
55,Эстус,Фалькония,18.84
56,Эстус,Фалькония,18.84
57,Эстус,Фалькония,18.84
58,Эстус,Фалькония,18.89
59,Эстус,Фалькония,18.89
60,Эстус,Фалькония,18.89
61,Эстус,Фалькония,18.93
62,Эстус,Фалькония,18.93
63,Эстус,Фалькония,18.93
64,Эстус,Фалькония,18.97
65,Эстус,Фалькония,18.97
66,Эстус,Фалькония,18.97
67,Эстус,Фалькония,18.91
68,Эстус,Фалькония,18.91
69,Эстус,Фалькония,18.91
70,Эстус,Фалькония,18.95
71,Эстус,Фалькония,18.95
72,Эстус,Фалькония,18.95
73,Эстус,Фалькония,19.0
74,Эстус,Фалькония,19.0
75,Эстус,Фалькония,19.0
76,Эстус,Фалькония,19.04
77,Эстус,Фалькония,19.04
78,Эстус,Фалькония,19.04
79,Эстус,Фалькония,19.08
80,Эстус,Фалькония,19.08
81,Эстус,Фалькония,19.08
82,Эстус,Фалькония,19.13
83,Эстус,Фалькония,19.13
84,Эстус,Фалькония,19.13
85,Эстус,Фалькония,19.17
86,Эстус,Фалькония,19.17
87,Эстус,Фалькония,19.17
88,Эстус,Фалькония,19.21
89,Эстус,Фалькония,19.21
90,Эстус,Фалькония,19.21
