dates,place,product,concr_price
2218-09-28,Анор Лондо,Целебные травы,9.386626225098553
2218-09-29,Анор Лондо,Целебные травы,9.394166044896338
2218-09-30,Анор Лондо,Целебные травы,9.401705864694122
2218-10-01,Анор Лондо,Целебные травы,9.360857723515437
2218-10-02,Анор Лондо,Целебные травы,9.368397543313222
2218-10-03,Анор Лондо,Целебные травы,9.375937363111007
2218-10-04,Анор Лондо,Целебные травы,9.383477182908791
2218-10-05,Анор Лондо,Целебные травы,9.391017002706576
2218-10-06,Анор Лондо,Целебные травы,9.39855682250436
2218-10-07,Анор Лондо,Целебные травы,9.406096642302145
2218-10-08,Анор Лондо,Целебные травы,9.41363646209993
2218-10-09,Анор Лондо,Целебные травы,9.421176281897715
2218-10-10,Анор Лондо,Целебные травы,9.4287161016955
2218-10-11,Анор Лондо,Целебные травы,9.436255921493284
2218-10-12,Анор Лондо,Целебные травы,9.44379574129107
2218-10-13,Анор Лондо,Целебные травы,9.451335561089763
2218-10-14,Анор Лондо,Целебные травы,9.458875380887548
2218-10-15,Анор Лондо,Целебные травы,9.466415200685333
2218-10-16,Анор Лондо,Целебные травы,9.473955020483118
2218-10-17,Анор Лондо,Целебные травы,9.481494840280902
2218-10-18,Анор Лондо,Целебные травы,9.489034660078687
2218-10-19,Анор Лондо,Целебные травы,9.496574479876472
2218-10-20,Анор Лондо,Целебные травы,9.504114299674256
2218-10-21,Анор Лондо,Целебные травы,9.511654119472041
2218-10-22,Анор Лондо,Целебные травы,9.519193939269826
2218-10-23,Анор Лондо,Целебные травы,9.52673375906761
2218-10-24,Анор Лондо,Целебные травы,9.534273578865395
2218-10-25,Анор Лондо,Целебные травы,9.54181339866318
2218-10-26,Анор Лондо,Целебные травы,9.549353218460965
2218-10-27,Анор Лондо,Целебные травы,9.55689303825875
2218-10-28,Анор Лондо,Целебные травы,9.564432858056534
2218-10-29,Анор Лондо,Целебные травы,9.571972677854319
2218-10-30,Анор Лондо,Целебные травы,9.579512497652104
2218-10-31,Анор Лондо,Целебные травы,9.587052317449889
2218-11-01,Анор Лондо,Целебные травы,9.538664356474328
2218-11-02,Анор Лондо,Целебные травы,9.546204176272113
2218-11-03,Анор Лондо,Целебные травы,9.553743996069898
2218-11-04,Анор Лондо,Целебные травы,9.561283815867682
2218-11-05,Анор Лондо,Целебные травы,9.568823635665467
2218-11-06,Анор Лондо,Целебные травы,9.576363455463252
2218-11-07,Анор Лондо,Целебные травы,9.583903275261036
2218-11-08,Анор Лондо,Целебные травы,9.591443095058821
2218-11-09,Анор Лондо,Целебные травы,9.598982914856606
2218-11-10,Анор Лондо,Целебные травы,9.60652273465439
2218-11-11,Анор Лондо,Целебные травы,9.614062554452175
2218-11-12,Анор Лондо,Целебные травы,9.62160237424996
2218-11-13,Анор Лондо,Целебные травы,9.629142194048654
2218-11-14,Анор Лондо,Целебные травы,9.636682013846439
2218-11-15,Анор Лондо,Целебные травы,9.644221833644224
2218-11-16,Анор Лондо,Целебные травы,9.651761653442009
2218-11-17,Анор Лондо,Целебные травы,9.659301473239793
2218-11-18,Анор Лондо,Целебные травы,9.666841293037578
2218-11-19,Анор Лондо,Целебные травы,9.674381112835363
2218-11-20,Анор Лондо,Целебные травы,9.681920932633147
2218-11-21,Анор Лондо,Целебные травы,9.689460752430932
2218-11-22,Анор Лондо,Целебные травы,9.697000572228717
2218-11-23,Анор Лондо,Целебные травы,9.704540392026502
2218-11-24,Анор Лондо,Целебные травы,9.712080211824286
2218-11-25,Анор Лондо,Целебные травы,9.719620031622071
2218-11-26,Анор Лондо,Целебные травы,9.727159851419856
2218-11-27,Анор Лондо,Целебные травы,9.73469967121764
2218-11-28,Анор Лондо,Целебные травы,9.742239491015425
2218-11-29,Анор Лондо,Целебные травы,9.74977931081321
2218-11-30,Анор Лондо,Целебные травы,9.757319130610995
2218-12-01,Анор Лондо,Целебные травы,9.71647098943231
2218-12-02,Анор Лондо,Целебные травы,9.724010809230094
2218-12-03,Анор Лондо,Целебные травы,9.731550629027879
2218-12-04,Анор Лондо,Целебные травы,9.739090448825664
2218-12-05,Анор Лондо,Целебные травы,9.746630268623449
2218-12-06,Анор Лондо,Целебные травы,9.754170088421233
2218-12-07,Анор Лондо,Целебные травы,9.761709908219018
2218-12-08,Анор Лондо,Целебные травы,9.769249728016803
2218-12-09,Анор Лондо,Целебные травы,9.776789547814587
2218-12-10,Анор Лондо,Целебные травы,9.784329367612372
2218-12-11,Анор Лондо,Целебные травы,9.791869187410157
2218-12-12,Анор Лондо,Целебные травы,9.799409007207942
2218-12-13,Анор Лондо,Целебные травы,9.806948827006636
2218-12-14,Анор Лондо,Целебные травы,9.81448864680442
2218-12-15,Анор Лондо,Целебные травы,9.822028466602205
2218-12-16,Анор Лондо,Целебные травы,9.82956828639999
2218-12-17,Анор Лондо,Целебные травы,9.837108106197775
2218-12-18,Анор Лондо,Целебные травы,9.84464792599556
2218-12-19,Анор Лондо,Целебные травы,9.852187745793344
2218-12-20,Анор Лондо,Целебные травы,9.859727565591129
2218-12-21,Анор Лондо,Целебные травы,9.867267385388914
2218-12-22,Анор Лондо,Целебные травы,9.874807205186698
2218-12-23,Анор Лондо,Целебные травы,9.882347024984483
2218-12-24,Анор Лондо,Целебные травы,9.889886844782268
2218-12-25,Анор Лондо,Целебные травы,9.897426664580053
2218-12-26,Анор Лондо,Целебные травы,9.904966484377837
2218-09-28,Анор Лондо,Эльфийская пыльца,19.333453411739356
2218-09-29,Анор Лондо,Эльфийская пыльца,19.344791565001287
2218-09-30,Анор Лондо,Эльфийская пыльца,19.35612971826231
2218-10-01,Анор Лондо,Эльфийская пыльца,19.296462218927445
2218-10-02,Анор Лондо,Эльфийская пыльца,19.307800372188467
2218-10-03,Анор Лондо,Эльфийская пыльца,19.3191385254504
2218-10-04,Анор Лондо,Эльфийская пыльца,19.33047667871142
2218-10-05,Анор Лондо,Эльфийская пыльца,19.341814831973352
2218-10-06,Анор Лондо,Эльфийская пыльца,19.353152985234374
2218-10-07,Анор Лондо,Эльфийская пыльца,19.364491138496305
2218-10-08,Анор Лондо,Эльфийская пыльца,19.375829291757327
2218-10-09,Анор Лондо,Эльфийская пыльца,19.38716744501926
2218-10-10,Анор Лондо,Эльфийская пыльца,19.39850559828028
2218-10-11,Анор Лондо,Эльфийская пыльца,19.409843751542212
2218-10-12,Анор Лондо,Эльфийская пыльца,19.421181904803234
2218-10-13,Анор Лондо,Эльфийская пыльца,19.432520058065165
2218-10-14,Анор Лондо,Эльфийская пыльца,19.443858211327097
2218-10-15,Анор Лондо,Эльфийская пыльца,19.45519636458812
2218-10-16,Анор Лондо,Эльфийская пыльца,19.46653451785005
2218-10-17,Анор Лондо,Эльфийская пыльца,19.477872671111072
2218-10-18,Анор Лондо,Эльфийская пыльца,19.489210824373004
2218-10-19,Анор Лондо,Эльфийская пыльца,19.500548977634026
2218-10-20,Анор Лондо,Эльфийская пыльца,19.511887130895957
2218-10-21,Анор Лондо,Эльфийская пыльца,19.52322528415698
2218-10-22,Анор Лондо,Эльфийская пыльца,19.53456343741891
2218-10-23,Анор Лондо,Эльфийская пыльца,19.545901590679932
2218-10-24,Анор Лондо,Эльфийская пыльца,19.557239743941864
2218-10-25,Анор Лондо,Эльфийская пыльца,19.568577897203795
2218-10-26,Анор Лондо,Эльфийская пыльца,19.579916050464817
2218-10-27,Анор Лондо,Эльфийская пыльца,19.59125420372675
2218-10-28,Анор Лондо,Эльфийская пыльца,19.60259235698777
2218-10-29,Анор Лондо,Эльфийская пыльца,19.613930510249702
2218-10-30,Анор Лондо,Эльфийская пыльца,19.625268663510724
2218-10-31,Анор Лондо,Эльфийская пыльца,19.636606816772655
2218-11-01,Анор Лондо,Эльфийская пыльца,19.56560116417677
2218-11-02,Анор Лондо,Эльфийская пыльца,19.57693931743779
2218-11-03,Анор Лондо,Эльфийская пыльца,19.588277470699722
2218-11-04,Анор Лондо,Эльфийская пыльца,19.599615623960744
2218-11-05,Анор Лондо,Эльфийская пыльца,19.610953777222676
2218-11-06,Анор Лондо,Эльфийская пыльца,19.622291930483698
2218-11-07,Анор Лондо,Эльфийская пыльца,19.63363008374563
2218-11-08,Анор Лондо,Эльфийская пыльца,19.64496823700665
2218-11-09,Анор Лондо,Эльфийская пыльца,19.656306390268583
2218-11-10,Анор Лондо,Эльфийская пыльца,19.667644543529605
2218-11-11,Анор Лондо,Эльфийская пыльца,19.678982696791536
2218-11-12,Анор Лондо,Эльфийская пыльца,19.690320850052558
2218-11-13,Анор Лондо,Эльфийская пыльца,19.70165900331449
2218-11-14,Анор Лондо,Эльфийская пыльца,19.71299715657642
2218-11-15,Анор Лондо,Эльфийская пыльца,19.724335309837443
2218-11-16,Анор Лондо,Эльфийская пыльца,19.735673463099374
2218-11-17,Анор Лондо,Эльфийская пыльца,19.747011616360396
2218-11-18,Анор Лондо,Эльфийская пыльца,19.758349769622328
2218-11-19,Анор Лондо,Эльфийская пыльца,19.76968792288335
2218-11-20,Анор Лондо,Эльфийская пыльца,19.78102607614528
2218-11-21,Анор Лондо,Эльфийская пыльца,19.792364229406303
2218-11-22,Анор Лондо,Эльфийская пыльца,19.803702382668234
2218-11-23,Анор Лондо,Эльфийская пыльца,19.815040535929256
2218-11-24,Анор Лондо,Эльфийская пыльца,19.826378689191188
2218-11-25,Анор Лондо,Эльфийская пыльца,19.83771684245312
2218-11-26,Анор Лондо,Эльфийская пыльца,19.84905499571414
2218-11-27,Анор Лондо,Эльфийская пыльца,19.860393148976073
2218-11-28,Анор Лондо,Эльфийская пыльца,19.871731302237094
2218-11-29,Анор Лондо,Эльфийская пыльца,19.883069455499026
2218-11-30,Анор Лондо,Эльфийская пыльца,19.894407608760048
2218-12-01,Анор Лондо,Эльфийская пыльца,19.834740109425184
2218-12-02,Анор Лондо,Эльфийская пыльца,19.846078262686206
2218-12-03,Анор Лондо,Эльфийская пыльца,19.857416415948137
2218-12-04,Анор Лондо,Эльфийская пыльца,19.86875456920916
2218-12-05,Анор Лондо,Эльфийская пыльца,19.88009272247109
2218-12-06,Анор Лондо,Эльфийская пыльца,19.891430875732112
2218-12-07,Анор Лондо,Эльфийская пыльца,19.902769028994044
2218-12-08,Анор Лондо,Эльфийская пыльца,19.914107182255066
2218-12-09,Анор Лондо,Эльфийская пыльца,19.925445335516997
2218-12-10,Анор Лондо,Эльфийская пыльца,19.93678348877802
2218-12-11,Анор Лондо,Эльфийская пыльца,19.94812164203995
2218-12-12,Анор Лондо,Эльфийская пыльца,19.959459795300972
2218-12-13,Анор Лондо,Эльфийская пыльца,19.970797948562904
2218-12-14,Анор Лондо,Эльфийская пыльца,19.982136101824835
2218-12-15,Анор Лондо,Эльфийская пыльца,19.993474255085857
2218-12-16,Анор Лондо,Эльфийская пыльца,20.00481240834779
2218-12-17,Анор Лондо,Эльфийская пыльца,20.01615056160881
2218-12-18,Анор Лондо,Эльфийская пыльца,20.027488714870742
2218-12-19,Анор Лондо,Эльфийская пыльца,20.038826868131764
2218-12-20,Анор Лондо,Эльфийская пыльца,20.050165021393695
2218-12-21,Анор Лондо,Эльфийская пыльца,20.061503174654717
2218-12-22,Анор Лондо,Эльфийская пыльца,20.07284132791665
2218-12-23,Анор Лондо,Эльфийская пыльца,20.08417948117767
2218-12-24,Анор Лондо,Эльфийская пыльца,20.095517634439602
2218-12-25,Анор Лондо,Эльфийская пыльца,20.106855787701534
2218-12-26,Анор Лондо,Эльфийская пыльца,20.118193940962556
2218-09-28,Анор Лондо,Эстус,11.687419244414741
2218-09-29,Анор Лондо,Эстус,11.690108155721646
2218-09-30,Анор Лондо,Эстус,11.69279706702946
2218-10-01,Анор Лондо,Эстус,11.82725303652569
2218-10-02,Анор Лондо,Эстус,11.829941947832594
2218-10-03,Анор Лондо,Эстус,11.832630859140409
2218-10-04,Анор Лондо,Эстус,11.835319770448223
2218-10-05,Анор Лондо,Эстус,11.838008681755127
2218-10-06,Анор Лондо,Эстус,11.840697593062941
2218-10-07,Анор Лондо,Эстус,11.843386504370756
2218-10-08,Анор Лондо,Эстус,11.84607541567766
2218-10-09,Анор Лондо,Эстус,11.848764326985474
2218-10-10,Анор Лондо,Эстус,11.851453238293288
2218-10-11,Анор Лондо,Эстус,11.854142149600193
2218-10-12,Анор Лондо,Эстус,11.856831060908007
2218-10-13,Анор Лондо,Эстус,11.859519972215821
2218-10-14,Анор Лондо,Эстус,11.862208883522726
2218-10-15,Анор Лондо,Эстус,11.86489779483054
2218-10-16,Анор Лондо,Эстус,11.867586706138354
2218-10-17,Анор Лондо,Эстус,11.870275617445259
2218-10-18,Анор Лондо,Эстус,11.872964528753073
2218-10-19,Анор Лондо,Эстус,11.875653440060887
2218-10-20,Анор Лондо,Эстус,11.878342351367792
2218-10-21,Анор Лондо,Эстус,11.881031262675606
2218-10-22,Анор Лондо,Эстус,11.88372017398342
2218-10-23,Анор Лондо,Эстус,11.886409085290325
2218-10-24,Анор Лондо,Эстус,11.889097996598139
2218-10-25,Анор Лондо,Эстус,11.891786907905953
2218-10-26,Анор Лондо,Эстус,11.894475819212857
2218-10-27,Анор Лондо,Эстус,11.897164730520672
2218-10-28,Анор Лондо,Эстус,11.899853641828486
2218-10-29,Анор Лондо,Эстус,11.90254255313539
2218-10-30,Анор Лондо,Эстус,11.905231464443204
2218-10-31,Анор Лондо,Эстус,11.907920375751019
2218-11-01,Анор Лондо,Эстус,12.039687433939434
2218-11-02,Анор Лондо,Эстус,12.042376345246339
2218-11-03,Анор Лондо,Эстус,12.045065256554153
2218-11-04,Анор Лондо,Эстус,12.047754167861967
2218-11-05,Анор Лондо,Эстус,12.050443079168872
2218-11-06,Анор Лондо,Эстус,12.053131990476686
2218-11-07,Анор Лондо,Эстус,12.0558209017845
2218-11-08,Анор Лондо,Эстус,12.058509813091405
2218-11-09,Анор Лондо,Эстус,12.061198724399219
2218-11-10,Анор Лондо,Эстус,12.063887635707033
2218-11-11,Анор Лондо,Эстус,12.066576547013938
2218-11-12,Анор Лондо,Эстус,12.069265458321752
2218-11-13,Анор Лондо,Эстус,12.071954369629566
2218-11-14,Анор Лондо,Эстус,12.07464328093647
2218-11-15,Анор Лондо,Эстус,12.077332192244285
2218-11-16,Анор Лондо,Эстус,12.080021103552099
2218-11-17,Анор Лондо,Эстус,12.082710014859003
2218-11-18,Анор Лондо,Эстус,12.085398926166818
2218-11-19,Анор Лондо,Эстус,12.088087837474632
2218-11-20,Анор Лондо,Эстус,12.090776748781536
2218-11-21,Анор Лондо,Эстус,12.09346566008935
2218-11-22,Анор Лондо,Эстус,12.096154571397165
2218-11-23,Анор Лондо,Эстус,12.09884348270407
2218-11-24,Анор Лондо,Эстус,12.101532394011883
2218-11-25,Анор Лондо,Эстус,12.104221305319697
2218-11-26,Анор Лондо,Эстус,12.106910216626602
2218-11-27,Анор Лондо,Эстус,12.109599127934416
2218-11-28,Анор Лондо,Эстус,12.11228803924223
2218-11-29,Анор Лондо,Эстус,12.114976950549135
2218-11-30,Анор Лондо,Эстус,12.117665861856949
2218-12-01,Анор Лондо,Эстус,12.252121831353179
2218-12-02,Анор Лондо,Эстус,12.254810742660084
2218-12-03,Анор Лондо,Эстус,12.257499653967898
2218-12-04,Анор Лондо,Эстус,12.260188565275712
2218-12-05,Анор Лондо,Эстус,12.262877476582617
2218-12-06,Анор Лондо,Эстус,12.26556638789043
2218-12-07,Анор Лондо,Эстус,12.268255299198245
2218-12-08,Анор Лондо,Эстус,12.27094421050515
2218-12-09,Анор Лондо,Эстус,12.273633121812964
2218-12-10,Анор Лондо,Эстус,12.276322033120778
2218-12-11,Анор Лондо,Эстус,12.279010944427682
2218-12-12,Анор Лондо,Эстус,12.281699855735496
2218-12-13,Анор Лондо,Эстус,12.28438876704331
2218-12-14,Анор Лондо,Эстус,12.287077678350215
2218-12-15,Анор Лондо,Эстус,12.28976658965803
2218-12-16,Анор Лондо,Эстус,12.292455500965843
2218-12-17,Анор Лондо,Эстус,12.295144412272748
2218-12-18,Анор Лондо,Эстус,12.297833323580562
2218-12-19,Анор Лондо,Эстус,12.300522234888376
2218-12-20,Анор Лондо,Эстус,12.303211146195281
2218-12-21,Анор Лондо,Эстус,12.305900057503095
2218-12-22,Анор Лондо,Эстус,12.30858896881091
2218-12-23,Анор Лондо,Эстус,12.311277880117814
2218-12-24,Анор Лондо,Эстус,12.313966791425628
2218-12-25,Анор Лондо,Эстус,12.316655702733442
2218-12-26,Анор Лондо,Эстус,12.319344614040347
2218-09-28,Врата Балдура,Целебные травы,15.933853095674749
2218-09-29,Врата Балдура,Целебные травы,15.94464840319415
2218-09-30,Врата Балдура,Целебные травы,15.955443710713553
2218-10-01,Врата Балдура,Целебные травы,15.89253118797933
2218-10-02,Врата Балдура,Целебные травы,15.903326495498732
2218-10-03,Врата Балдура,Целебные травы,15.914121803018134
2218-10-04,Врата Балдура,Целебные травы,15.924917110537535
2218-10-05,Врата Балдура,Целебные травы,15.935712418056028
2218-10-06,Врата Балдура,Целебные травы,15.94650772557543
2218-10-07,Врата Балдура,Целебные травы,15.957303033094831
2218-10-08,Врата Балдура,Целебные травы,15.968098340614233
2218-10-09,Врата Балдура,Целебные травы,15.978893648133635
2218-10-10,Врата Балдура,Целебные травы,15.989688955653037
2218-10-11,Врата Балдура,Целебные травы,16.00048426317244
2218-10-12,Врата Балдура,Целебные травы,16.01127957069184
2218-10-13,Врата Балдура,Целебные травы,16.022074878211242
2218-10-14,Врата Балдура,Целебные травы,16.032870185730644
2218-10-15,Врата Балдура,Целебные травы,16.043665493249136
2218-10-16,Врата Балдура,Целебные травы,16.05446080076854
2218-10-17,Врата Балдура,Целебные травы,16.06525610828794
2218-10-18,Врата Балдура,Целебные травы,16.076051415807342
2218-10-19,Врата Балдура,Целебные травы,16.086846723326744
2218-10-20,Врата Балдура,Целебные травы,16.097642030846146
2218-10-21,Врата Балдура,Целебные травы,16.108437338365547
2218-10-22,Врата Балдура,Целебные травы,16.11923264588495
2218-10-23,Врата Балдура,Целебные травы,16.13002795340435
2218-10-24,Врата Балдура,Целебные травы,16.140823260922843
2218-10-25,Врата Балдура,Целебные травы,16.151618568442245
2218-10-26,Врата Балдура,Целебные травы,16.162413875961647
2218-10-27,Врата Балдура,Целебные травы,16.17320918348105
2218-10-28,Врата Балдура,Целебные травы,16.18400449100045
2218-10-29,Врата Балдура,Целебные травы,16.194799798519853
2218-10-30,Врата Балдура,Целебные травы,16.205595106039254
2218-10-31,Врата Балдура,Целебные травы,16.216390413558656
2218-11-01,Врата Балдура,Целебные травы,16.14268258330594
2218-11-02,Врата Балдура,Целебные травы,16.153477890825343
2218-11-03,Врата Балдура,Целебные травы,16.164273198344745
2218-11-04,Врата Балдура,Целебные травы,16.175068505864147
2218-11-05,Врата Балдура,Целебные травы,16.18586381338264
2218-11-06,Врата Балдура,Целебные травы,16.19665912090204
2218-11-07,Врата Балдура,Целебные травы,16.207454428421443
2218-11-08,Врата Балдура,Целебные травы,16.218249735940844
2218-11-09,Врата Балдура,Целебные травы,16.229045043460246
2218-11-10,Врата Балдура,Целебные травы,16.239840350979648
2218-11-11,Врата Балдура,Целебные травы,16.25063565849905
2218-11-12,Врата Балдура,Целебные травы,16.26143096601845
2218-11-13,Врата Балдура,Целебные травы,16.272226273537854
2218-11-14,Врата Балдура,Целебные травы,16.283021581057255
2218-11-15,Врата Балдура,Целебные травы,16.293816888575748
2218-11-16,Врата Балдура,Целебные травы,16.30461219609515
2218-11-17,Врата Балдура,Целебные травы,16.31540750361455
2218-11-18,Врата Балдура,Целебные травы,16.326202811133953
2218-11-19,Врата Балдура,Целебные травы,16.336998118653355
2218-11-20,Врата Балдура,Целебные травы,16.347793426172757
2218-11-21,Врата Балдура,Целебные травы,16.35858873369216
2218-11-22,Врата Балдура,Целебные травы,16.36938404121156
2218-11-23,Врата Балдура,Целебные травы,16.380179348730962
2218-11-24,Врата Балдура,Целебные травы,16.390974656249455
2218-11-25,Врата Балдура,Целебные травы,16.401769963768857
2218-11-26,Врата Балдура,Целебные травы,16.41256527128826
2218-11-27,Врата Балдура,Целебные травы,16.42336057880766
2218-11-28,Врата Балдура,Целебные травы,16.434155886327062
2218-11-29,Врата Балдура,Целебные травы,16.444951193846464
2218-11-30,Врата Балдура,Целебные травы,16.455746501365866
2218-12-01,Врата Балдура,Целебные травы,16.392833978632552
2218-12-02,Врата Балдура,Целебные травы,16.403629286151954
2218-12-03,Врата Балдура,Целебные травы,16.414424593671356
2218-12-04,Врата Балдура,Целебные травы,16.425219901190758
2218-12-05,Врата Балдура,Целебные травы,16.43601520870925
2218-12-06,Врата Балдура,Целебные травы,16.446810516228652
2218-12-07,Врата Балдура,Целебные травы,16.457605823748054
2218-12-08,Врата Балдура,Целебные травы,16.468401131267456
2218-12-09,Врата Балдура,Целебные травы,16.479196438786857
2218-12-10,Врата Балдура,Целебные травы,16.48999174630626
2218-12-11,Врата Балдура,Целебные травы,16.50078705382566
2218-12-12,Врата Балдура,Целебные травы,16.511582361345063
2218-12-13,Врата Балдура,Целебные травы,16.522377668864465
2218-12-14,Врата Балдура,Целебные травы,16.533172976383867
2218-12-15,Врата Балдура,Целебные травы,16.54396828390236
2218-12-16,Врата Балдура,Целебные травы,16.55476359142176
2218-12-17,Врата Балдура,Целебные травы,16.565558898941163
2218-12-18,Врата Балдура,Целебные травы,16.576354206460564
2218-12-19,Врата Балдура,Целебные травы,16.587149513979966
2218-12-20,Врата Балдура,Целебные травы,16.597944821499368
2218-12-21,Врата Балдура,Целебные травы,16.60874012901877
2218-12-22,Врата Балдура,Целебные травы,16.619535436538172
2218-12-23,Врата Балдура,Целебные травы,16.630330744057574
2218-12-24,Врата Балдура,Целебные травы,16.641126051576066
2218-12-25,Врата Балдура,Целебные травы,16.651921359095468
2218-12-26,Врата Балдура,Целебные травы,16.66271666661487
2218-09-28,Врата Балдура,Эльфийская пыльца,25.8865416108747
2218-09-29,Врата Балдура,Эльфийская пыльца,25.894337211735547
2218-09-30,Врата Балдура,Эльфийская пыльца,25.902132812594573
2218-10-01,Врата Балдура,Эльфийская пыльца,26.062791891956294
2218-10-02,Врата Балдура,Эльфийская пыльца,26.07058749281532
2218-10-03,Врата Балдура,Эльфийская пыльца,26.078383093676166
2218-10-04,Врата Балдура,Эльфийская пыльца,26.08617869453701
2218-10-05,Врата Балдура,Эльфийская пыльца,26.093974295397857
2218-10-06,Врата Балдура,Эльфийская пыльца,26.101769896256883
2218-10-07,Врата Балдура,Эльфийская пыльца,26.10956549711773
2218-10-08,Врата Балдура,Эльфийская пыльца,26.117361097978574
2218-10-09,Врата Балдура,Эльфийская пыльца,26.12515669883942
2218-10-10,Врата Балдура,Эльфийская пыльца,26.132952299698445
2218-10-11,Врата Балдура,Эльфийская пыльца,26.14074790055929
2218-10-12,Врата Балдура,Эльфийская пыльца,26.148543501420136
2218-10-13,Врата Балдура,Эльфийская пыльца,26.15633910228098
2218-10-14,Врата Балдура,Эльфийская пыльца,26.164134703140007
2218-10-15,Врата Балдура,Эльфийская пыльца,26.171930304000853
2218-10-16,Врата Балдура,Эльфийская пыльца,26.179725904861698
2218-10-17,Врата Балдура,Эльфийская пыльца,26.187521505722543
2218-10-18,Врата Балдура,Эльфийская пыльца,26.19531710658157
2218-10-19,Врата Балдура,Эльфийская пыльца,26.203112707442415
2218-10-20,Врата Балдура,Эльфийская пыльца,26.21090830830326
2218-10-21,Врата Балдура,Эльфийская пыльца,26.218703909164105
2218-10-22,Врата Балдура,Эльфийская пыльца,26.22649951002313
2218-10-23,Врата Балдура,Эльфийская пыльца,26.234295110883977
2218-10-24,Врата Балдура,Эльфийская пыльца,26.242090711744822
2218-10-25,Врата Балдура,Эльфийская пыльца,26.249886312605668
2218-10-26,Врата Балдура,Эльфийская пыльца,26.257681913464694
2218-10-27,Врата Балдура,Эльфийская пыльца,26.26547751432554
2218-10-28,Врата Балдура,Эльфийская пыльца,26.273273115186385
2218-10-29,Врата Балдура,Эльфийская пыльца,26.28106871604723
2218-10-30,Врата Балдура,Эльфийская пыльца,26.288864316906256
2218-10-31,Врата Балдура,Эльфийская пыльца,26.2966599177671
2218-11-01,Врата Балдура,Эльфийская пыльца,26.449523396267978
2218-11-02,Врата Балдура,Эльфийская пыльца,26.457318997127004
2218-11-03,Врата Балдура,Эльфийская пыльца,26.46511459798785
2218-11-04,Врата Балдура,Эльфийская пыльца,26.472910198848695
2218-11-05,Врата Балдура,Эльфийская пыльца,26.48070579970954
2218-11-06,Врата Балдура,Эльфийская пыльца,26.488501400568566
2218-11-07,Врата Балдура,Эльфийская пыльца,26.49629700142941
2218-11-08,Врата Балдура,Эльфийская пыльца,26.504092602290257
2218-11-09,Врата Балдура,Эльфийская пыльца,26.511888203151102
2218-11-10,Врата Балдура,Эльфийская пыльца,26.51968380401013
2218-11-11,Врата Балдура,Эльфийская пыльца,26.527479404870974
2218-11-12,Врата Балдура,Эльфийская пыльца,26.53527500573182
2218-11-13,Врата Балдура,Эльфийская пыльца,26.543070606592664
2218-11-14,Врата Балдура,Эльфийская пыльца,26.55086620745169
2218-11-15,Врата Балдура,Эльфийская пыльца,26.558661808312536
2218-11-16,Врата Балдура,Эльфийская пыльца,26.56645740917338
2218-11-17,Врата Балдура,Эльфийская пыльца,26.574253010034226
2218-11-18,Врата Балдура,Эльфийская пыльца,26.582048610893253
2218-11-19,Врата Балдура,Эльфийская пыльца,26.589844211754098
2218-11-20,Врата Балдура,Эльфийская пыльца,26.597639812614943
2218-11-21,Врата Балдура,Эльфийская пыльца,26.60543541347579
2218-11-22,Врата Балдура,Эльфийская пыльца,26.613231014334815
2218-11-23,Врата Балдура,Эльфийская пыльца,26.62102661519566
2218-11-24,Врата Балдура,Эльфийская пыльца,26.628822216056506
2218-11-25,Врата Балдура,Эльфийская пыльца,26.63661781691735
2218-11-26,Врата Балдура,Эльфийская пыльца,26.644413417776377
2218-11-27,Врата Балдура,Эльфийская пыльца,26.652209018637222
2218-11-28,Врата Балдура,Эльфийская пыльца,26.660004619498068
2218-11-29,Врата Балдура,Эльфийская пыльца,26.667800220358913
2218-11-30,Врата Балдура,Эльфийская пыльца,26.67559582121794
2218-12-01,Врата Балдура,Эльфийская пыльца,26.83625490057966
2218-12-02,Врата Балдура,Эльфийская пыльца,26.844050501438687
2218-12-03,Врата Балдура,Эльфийская пыльца,26.851846102299533
2218-12-04,Врата Балдура,Эльфийская пыльца,26.859641703160378
2218-12-05,Врата Балдура,Эльфийская пыльца,26.867437304021223
2218-12-06,Врата Балдура,Эльфийская пыльца,26.87523290488025
2218-12-07,Врата Балдура,Эльфийская пыльца,26.883028505741095
2218-12-08,Врата Балдура,Эльфийская пыльца,26.89082410660194
2218-12-09,Врата Балдура,Эльфийская пыльца,26.898619707462785
2218-12-10,Врата Балдура,Эльфийская пыльца,26.90641530832181
2218-12-11,Врата Балдура,Эльфийская пыльца,26.914210909182657
2218-12-12,Врата Балдура,Эльфийская пыльца,26.922006510043502
2218-12-13,Врата Балдура,Эльфийская пыльца,26.929802110904348
2218-12-14,Врата Балдура,Эльфийская пыльца,26.937597711763374
2218-12-15,Врата Балдура,Эльфийская пыльца,26.94539331262422
2218-12-16,Врата Балдура,Эльфийская пыльца,26.953188913485064
2218-12-17,Врата Балдура,Эльфийская пыльца,26.96098451434591
2218-12-18,Врата Балдура,Эльфийская пыльца,26.968780115204936
2218-12-19,Врата Балдура,Эльфийская пыльца,26.97657571606578
2218-12-20,Врата Балдура,Эльфийская пыльца,26.984371316926627
2218-12-21,Врата Балдура,Эльфийская пыльца,26.992166917787472
2218-12-22,Врата Балдура,Эльфийская пыльца,26.999962518646498
2218-12-23,Врата Балдура,Эльфийская пыльца,27.007758119507344
2218-12-24,Врата Балдура,Эльфийская пыльца,27.01555372036819
2218-12-25,Врата Балдура,Эльфийская пыльца,27.023349321229034
2218-12-26,Врата Балдура,Эльфийская пыльца,27.03114492208806
2218-09-28,Врата Балдура,Эстус,20.4108181964948
2218-09-29,Врата Балдура,Эстус,20.42259223797373
2218-09-30,Врата Балдура,Эстус,20.43436627945266
2218-10-01,Врата Балдура,Эстус,20.462441344781837
2218-10-02,Врата Балдура,Эстус,20.474215386260767
2218-10-03,Врата Балдура,Эстус,20.485989427739696
2218-10-04,Врата Балдура,Эстус,20.497763469218626
2218-10-05,Врата Балдура,Эстус,20.509537510695736
2218-10-06,Врата Балдура,Эстус,20.521311552174666
2218-10-07,Врата Балдура,Эстус,20.533085593653595
2218-10-08,Врата Балдура,Эстус,20.544859635132525
2218-10-09,Врата Балдура,Эстус,20.556633676611455
2218-10-10,Врата Балдура,Эстус,20.568407718090384
2218-10-11,Врата Балдура,Эстус,20.580181759569314
2218-10-12,Врата Балдура,Эстус,20.591955801048243
2218-10-13,Врата Балдура,Эстус,20.603729842527173
2218-10-14,Врата Балдура,Эстус,20.615503884004283
2218-10-15,Врата Балдура,Эстус,20.627277925483213
2218-10-16,Врата Балдура,Эстус,20.639051966962143
2218-10-17,Врата Балдура,Эстус,20.650826008441072
2218-10-18,Врата Балдура,Эстус,20.66260004992
2218-10-19,Врата Балдура,Эстус,20.67437409139893
2218-10-20,Врата Балдура,Эстус,20.68614813287786
2218-10-21,Врата Балдура,Эстус,20.69792217435679
2218-10-22,Врата Балдура,Эстус,20.70969621583572
2218-10-23,Врата Балдура,Эстус,20.72147025731283
2218-10-24,Врата Балдура,Эстус,20.73324429879176
2218-10-25,Врата Балдура,Эстус,20.74501834027069
2218-10-26,Врата Балдура,Эстус,20.75679238174962
2218-10-27,Врата Балдура,Эстус,20.76856642322855
2218-10-28,Врата Балдура,Эстус,20.78034046470748
2218-10-29,Врата Балдура,Эстус,20.792114506186408
2218-10-30,Врата Балдура,Эстус,20.803888547665338
2218-10-31,Врата Балдура,Эстус,20.815662589144267
2218-11-01,Врата Балдура,Эстус,20.831963612994514
2218-11-02,Врата Балдура,Эстус,20.843737654473443
2218-11-03,Врата Балдура,Эстус,20.855511695952373
2218-11-04,Врата Балдура,Эстус,20.867285737431303
2218-11-05,Врата Балдура,Эстус,20.879059778908413
2218-11-06,Врата Балдура,Эстус,20.890833820387343
2218-11-07,Врата Балдура,Эстус,20.902607861866272
2218-11-08,Врата Балдура,Эстус,20.914381903345202
2218-11-09,Врата Балдура,Эстус,20.92615594482413
2218-11-10,Врата Балдура,Эстус,20.93792998630306
2218-11-11,Врата Балдура,Эстус,20.94970402778199
2218-11-12,Врата Балдура,Эстус,20.96147806926092
2218-11-13,Врата Балдура,Эстус,20.97325211073985
2218-11-14,Врата Балдура,Эстус,20.98502615221696
2218-11-15,Врата Балдура,Эстус,20.99680019369589
2218-11-16,Врата Балдура,Эстус,21.00857423517482
2218-11-17,Врата Балдура,Эстус,21.02034827665375
2218-11-18,Врата Балдура,Эстус,21.03212231813268
2218-11-19,Врата Балдура,Эстус,21.043896359611608
2218-11-20,Врата Балдура,Эстус,21.055670401090538
2218-11-21,Врата Балдура,Эстус,21.067444442569467
2218-11-22,Врата Балдура,Эстус,21.079218484048397
2218-11-23,Врата Балдура,Эстус,21.090992525525508
2218-11-24,Врата Балдура,Эстус,21.102766567004437
2218-11-25,Врата Балдура,Эстус,21.114540608483367
2218-11-26,Врата Балдура,Эстус,21.126314649962296
2218-11-27,Врата Балдура,Эстус,21.138088691441226
2218-11-28,Врата Балдура,Эстус,21.149862732920155
2218-11-29,Врата Балдура,Эстус,21.161636774399085
2218-11-30,Врата Балдура,Эстус,21.173410815878015
2218-12-01,Врата Балдура,Эстус,21.20148588120537
2218-12-02,Врата Балдура,Эстус,21.2132599226843
2218-12-03,Врата Балдура,Эстус,21.22503396416323
2218-12-04,Врата Балдура,Эстус,21.23680800564216
2218-12-05,Врата Балдура,Эстус,21.24858204711927
2218-12-06,Врата Балдура,Эстус,21.2603560885982
2218-12-07,Врата Балдура,Эстус,21.27213013007713
2218-12-08,Врата Балдура,Эстус,21.28390417155606
2218-12-09,Врата Балдура,Эстус,21.29567821303499
2218-12-10,Врата Балдура,Эстус,21.30745225451392
2218-12-11,Врата Балдура,Эстус,21.31922629599285
2218-12-12,Врата Балдура,Эстус,21.331000337471778
2218-12-13,Врата Балдура,Эстус,21.342774378950708
2218-12-14,Врата Балдура,Эстус,21.354548420427818
2218-12-15,Врата Балдура,Эстус,21.366322461906748
2218-12-16,Врата Балдура,Эстус,21.378096503385677
2218-12-17,Врата Балдура,Эстус,21.389870544864607
2218-12-18,Врата Балдура,Эстус,21.401644586343537
2218-12-19,Врата Балдура,Эстус,21.413418627822466
2218-12-20,Врата Балдура,Эстус,21.425192669301396
2218-12-21,Врата Балдура,Эстус,21.436966710780325
2218-12-22,Врата Балдура,Эстус,21.448740752259255
2218-12-23,Врата Балдура,Эстус,21.460514793736365
2218-12-24,Врата Балдура,Эстус,21.472288835215295
2218-12-25,Врата Балдура,Эстус,21.484062876694225
2218-12-26,Врата Балдура,Эстус,21.495836918173154
2218-09-28,Кеджистан,Целебные травы,15.826880376069312
2218-09-29,Кеджистан,Целебные травы,15.837337685732564
2218-09-30,Кеджистан,Целебные травы,15.847794995397635
2218-10-01,Кеджистан,Целебные травы,15.907117450355145
2218-10-02,Кеджистан,Целебные травы,15.917574760018397
2218-10-03,Кеджистан,Целебные травы,15.928032069683468
2218-10-04,Кеджистан,Целебные травы,15.93848937934672
2218-10-05,Кеджистан,Целебные травы,15.948946689011791
2218-10-06,Кеджистан,Целебные травы,15.959403998676862
2218-10-07,Кеджистан,Целебные травы,15.969861308340114
2218-10-08,Кеджистан,Целебные травы,15.980318618005185
2218-10-09,Кеджистан,Целебные травы,15.990775927668437
2218-10-10,Кеджистан,Целебные травы,16.00123323733351
2218-10-11,Кеджистан,Целебные травы,16.01169054699858
2218-10-12,Кеджистан,Целебные травы,16.02214785666183
2218-10-13,Кеджистан,Целебные травы,16.032605166326903
2218-10-14,Кеджистан,Целебные травы,16.043062475990155
2218-10-15,Кеджистан,Целебные травы,16.053519785655226
2218-10-16,Кеджистан,Целебные травы,16.063977095318478
2218-10-17,Кеджистан,Целебные травы,16.07443440498355
2218-10-18,Кеджистан,Целебные травы,16.08489171464862
2218-10-19,Кеджистан,Целебные травы,16.095349024311872
2218-10-20,Кеджистан,Целебные травы,16.105806333976943
2218-10-21,Кеджистан,Целебные травы,16.116263643640195
2218-10-22,Кеджистан,Целебные травы,16.126720953305266
2218-10-23,Кеджистан,Целебные травы,16.137178262970338
2218-10-24,Кеджистан,Целебные травы,16.14763557263359
2218-10-25,Кеджистан,Целебные травы,16.15809288229866
2218-10-26,Кеджистан,Целебные травы,16.168550191961913
2218-10-27,Кеджистан,Целебные травы,16.179007501626984
2218-10-28,Кеджистан,Целебные травы,16.189464811292055
2218-10-29,Кеджистан,Целебные травы,16.199922120955307
2218-10-30,Кеджистан,Целебные травы,16.210379430620378
2218-10-31,Кеджистан,Целебные травы,16.22083674028363
2218-11-01,Кеджистан,Целебные травы,16.269701885577888
2218-11-02,Кеджистан,Целебные травы,16.28015919524114
2218-11-03,Кеджистан,Целебные травы,16.29061650490621
2218-11-04,Кеджистан,Целебные травы,16.301073814569463
2218-11-05,Кеджистан,Целебные травы,16.311531124234534
2218-11-06,Кеджистан,Целебные травы,16.321988433899605
2218-11-07,Кеджистан,Целебные травы,16.332445743562857
2218-11-08,Кеджистан,Целебные травы,16.34290305322793
2218-11-09,Кеджистан,Целебные травы,16.35336036289118
2218-11-10,Кеджистан,Целебные травы,16.36381767255625
2218-11-11,Кеджистан,Целебные травы,16.374274982221323
2218-11-12,Кеджистан,Целебные травы,16.384732291884575
2218-11-13,Кеджистан,Целебные травы,16.395189601549646
2218-11-14,Кеджистан,Целебные травы,16.405646911212898
2218-11-15,Кеджистан,Целебные травы,16.41610422087797
2218-11-16,Кеджистан,Целебные травы,16.42656153054122
2218-11-17,Кеджистан,Целебные травы,16.437018840206292
2218-11-18,Кеджистан,Целебные травы,16.447476149871363
2218-11-19,Кеджистан,Целебные травы,16.457933459534615
2218-11-20,Кеджистан,Целебные травы,16.468390769199686
2218-11-21,Кеджистан,Целебные травы,16.47884807886294
2218-11-22,Кеджистан,Целебные травы,16.48930538852801
2218-11-23,Кеджистан,Целебные травы,16.49976269819308
2218-11-24,Кеджистан,Целебные травы,16.510220007856333
2218-11-25,Кеджистан,Целебные травы,16.520677317521404
2218-11-26,Кеджистан,Целебные травы,16.531134627184656
2218-11-27,Кеджистан,Целебные травы,16.541591936849727
2218-11-28,Кеджистан,Целебные травы,16.552049246514798
2218-11-29,Кеджистан,Целебные травы,16.56250655617805
2218-11-30,Кеджистан,Целебные травы,16.57296386584312
2218-12-01,Кеджистан,Целебные травы,16.63228632080245
2218-12-02,Кеджистан,Целебные травы,16.642743630465702
2218-12-03,Кеджистан,Целебные травы,16.653200940130773
2218-12-04,Кеджистан,Целебные травы,16.663658249794025
2218-12-05,Кеджистан,Целебные травы,16.674115559459096
2218-12-06,Кеджистан,Целебные травы,16.684572869124167
2218-12-07,Кеджистан,Целебные травы,16.69503017878742
2218-12-08,Кеджистан,Целебные травы,16.70548748845249
2218-12-09,Кеджистан,Целебные травы,16.715944798115743
2218-12-10,Кеджистан,Целебные травы,16.726402107780814
2218-12-11,Кеджистан,Целебные травы,16.736859417445885
2218-12-12,Кеджистан,Целебные травы,16.747316727109137
2218-12-13,Кеджистан,Целебные травы,16.757774036774208
2218-12-14,Кеджистан,Целебные травы,16.76823134643746
2218-12-15,Кеджистан,Целебные травы,16.77868865610253
2218-12-16,Кеджистан,Целебные травы,16.789145965765783
2218-12-17,Кеджистан,Целебные травы,16.799603275430854
2218-12-18,Кеджистан,Целебные травы,16.810060585095925
2218-12-19,Кеджистан,Целебные травы,16.820517894759178
2218-12-20,Кеджистан,Целебные травы,16.83097520442425
2218-12-21,Кеджистан,Целебные травы,16.8414325140875
2218-12-22,Кеджистан,Целебные травы,16.851889823752572
2218-12-23,Кеджистан,Целебные травы,16.862347133417643
2218-12-24,Кеджистан,Целебные травы,16.872804443080895
2218-12-25,Кеджистан,Целебные травы,16.883261752745966
2218-12-26,Кеджистан,Целебные травы,16.893719062409218
2218-09-28,Кеджистан,Эльфийская пыльца,31.879525339503743
2218-09-29,Кеджистан,Эльфийская пыльца,31.899756469818385
2218-09-30,Кеджистан,Эльфийская пыльца,31.91998760012939
2218-10-01,Кеджистан,Эльфийская пыльца,32.014331276892335
2218-10-02,Кеджистан,Эльфийская пыльца,32.03456240720698
2218-10-03,Кеджистан,Эльфийская пыльца,32.05479353751798
2218-10-04,Кеджистан,Эльфийская пыльца,32.07502466783262
2218-10-05,Кеджистан,Эльфийская пыльца,32.095255798143626
2218-10-06,Кеджистан,Эльфийская пыльца,32.11548692845463
2218-10-07,Кеджистан,Эльфийская пыльца,32.13571805876927
2218-10-08,Кеджистан,Эльфийская пыльца,32.155949189080275
2218-10-09,Кеджистан,Эльфийская пыльца,32.176180319394916
2218-10-10,Кеджистан,Эльфийская пыльца,32.19641144970592
2218-10-11,Кеджистан,Эльфийская пыльца,32.216642580016924
2218-10-12,Кеджистан,Эльфийская пыльца,32.236873710331565
2218-10-13,Кеджистан,Эльфийская пыльца,32.25710484064257
2218-10-14,Кеджистан,Эльфийская пыльца,32.27733597095721
2218-10-15,Кеджистан,Эльфийская пыльца,32.297567101268214
2218-10-16,Кеджистан,Эльфийская пыльца,32.31779823157922
2218-10-17,Кеджистан,Эльфийская пыльца,32.33802936189386
2218-10-18,Кеджистан,Эльфийская пыльца,32.35826049220486
2218-10-19,Кеджистан,Эльфийская пыльца,32.378491622519505
2218-10-20,Кеджистан,Эльфийская пыльца,32.39872275283051
2218-10-21,Кеджистан,Эльфийская пыльца,32.41895388314151
2218-10-22,Кеджистан,Эльфийская пыльца,32.439185013456154
2218-10-23,Кеджистан,Эльфийская пыльца,32.45941614376716
2218-10-24,Кеджистан,Эльфийская пыльца,32.4796472740818
2218-10-25,Кеджистан,Эльфийская пыльца,32.4998784043928
2218-10-26,Кеджистан,Эльфийская пыльца,32.520109534703806
2218-10-27,Кеджистан,Эльфийская пыльца,32.54034066501845
2218-10-28,Кеджистан,Эльфийская пыльца,32.56057179532945
2218-10-29,Кеджистан,Эльфийская пыльца,32.58080292564409
2218-10-30,Кеджистан,Эльфийская пыльца,32.6010340559551
2218-10-31,Кеджистан,Эльфийская пыльца,32.6212651862661
2218-11-01,Кеджистан,Эльфийская пыльца,32.695377732714405
2218-11-02,Кеджистан,Эльфийская пыльца,32.71560886302905
2218-11-03,Кеджистан,Эльфийская пыльца,32.73583999334005
2218-11-04,Кеджистан,Эльфийская пыльца,32.75607112365469
2218-11-05,Кеджистан,Эльфийская пыльца,32.776302253965696
2218-11-06,Кеджистан,Эльфийская пыльца,32.7965333842767
2218-11-07,Кеджистан,Эльфийская пыльца,32.81676451459134
2218-11-08,Кеджистан,Эльфийская пыльца,32.836995644902345
2218-11-09,Кеджистан,Эльфийская пыльца,32.857226775216986
2218-11-10,Кеджистан,Эльфийская пыльца,32.87745790552799
2218-11-11,Кеджистан,Эльфийская пыльца,32.897689035838994
2218-11-12,Кеджистан,Эльфийская пыльца,32.917920166153635
2218-11-13,Кеджистан,Эльфийская пыльца,32.93815129646464
2218-11-14,Кеджистан,Эльфийская пыльца,32.95838242677928
2218-11-15,Кеджистан,Эльфийская пыльца,32.978613557090284
2218-11-16,Кеджистан,Эльфийская пыльца,32.99884468740129
2218-11-17,Кеджистан,Эльфийская пыльца,33.01907581771593
2218-11-18,Кеджистан,Эльфийская пыльца,33.03930694802693
2218-11-19,Кеджистан,Эльфийская пыльца,33.059538078341575
2218-11-20,Кеджистан,Эльфийская пыльца,33.07976920865258
2218-11-21,Кеджистан,Эльфийская пыльца,33.10000033896358
2218-11-22,Кеджистан,Эльфийская пыльца,33.120231469278224
2218-11-23,Кеджистан,Эльфийская пыльца,33.14046259958923
2218-11-24,Кеджистан,Эльфийская пыльца,33.16069372990387
2218-11-25,Кеджистан,Эльфийская пыльца,33.18092486021487
2218-11-26,Кеджистан,Эльфийская пыльца,33.201155990525876
2218-11-27,Кеджистан,Эльфийская пыльца,33.22138712084052
2218-11-28,Кеджистан,Эльфийская пыльца,33.24161825115152
2218-11-29,Кеджистан,Эльфийская пыльца,33.26184938146616
2218-11-30,Кеджистан,Эльфийская пыльца,33.28208051177717
2218-12-01,Кеджистан,Эльфийская пыльца,33.37642418854011
2218-12-02,Кеджистан,Эльфийская пыльца,33.396655318854755
2218-12-03,Кеджистан,Эльфийская пыльца,33.41688644916576
2218-12-04,Кеджистан,Эльфийская пыльца,33.4371175794804
2218-12-05,Кеджистан,Эльфийская пыльца,33.457348709791404
2218-12-06,Кеджистан,Эльфийская пыльца,33.47757984010241
2218-12-07,Кеджистан,Эльфийская пыльца,33.49781097041705
2218-12-08,Кеджистан,Эльфийская пыльца,33.51804210072805
2218-12-09,Кеджистан,Эльфийская пыльца,33.538273231042695
2218-12-10,Кеджистан,Эльфийская пыльца,33.5585043613537
2218-12-11,Кеджистан,Эльфийская пыльца,33.5787354916647
2218-12-12,Кеджистан,Эльфийская пыльца,33.59896662197934
2218-12-13,Кеджистан,Эльфийская пыльца,33.61919775229035
2218-12-14,Кеджистан,Эльфийская пыльца,33.63942888260499
2218-12-15,Кеджистан,Эльфийская пыльца,33.65966001291599
2218-12-16,Кеджистан,Эльфийская пыльца,33.679891143226996
2218-12-17,Кеджистан,Эльфийская пыльца,33.70012227354164
2218-12-18,Кеджистан,Эльфийская пыльца,33.72035340385264
2218-12-19,Кеджистан,Эльфийская пыльца,33.74058453416728
2218-12-20,Кеджистан,Эльфийская пыльца,33.76081566447829
2218-12-21,Кеджистан,Эльфийская пыльца,33.78104679478929
2218-12-22,Кеджистан,Эльфийская пыльца,33.80127792510393
2218-12-23,Кеджистан,Эльфийская пыльца,33.821509055414936
2218-12-24,Кеджистан,Эльфийская пыльца,33.84174018572958
2218-12-25,Кеджистан,Эльфийская пыльца,33.86197131604058
2218-12-26,Кеджистан,Эльфийская пыльца,33.882202446351585
2218-09-28,Кеджистан,Эстус,23.726928878695617
2218-09-29,Кеджистан,Эстус,23.742360420146724
2218-09-30,Кеджистан,Эстус,23.75779196159783
2218-10-01,Кеджистан,Эстус,23.922560448798322
2218-10-02,Кеджистан,Эстус,23.93799199024943
2218-10-03,Кеджистан,Эстус,23.953423531702356
2218-10-04,Кеджистан,Эстус,23.968855073153463
2218-10-05,Кеджистан,Эстус,23.98428661460457
2218-10-06,Кеджистан,Эстус,23.99971815605568
2218-10-07,Кеджистан,Эстус,24.015149697506786
2218-10-08,Кеджистан,Эстус,24.030581238957893
2218-10-09,Кеджистан,Эстус,24.04601278041082
2218-10-10,Кеджистан,Эстус,24.061444321861927
2218-10-11,Кеджистан,Эстус,24.076875863313035
2218-10-12,Кеджистан,Эстус,24.092307404764142
2218-10-13,Кеджистан,Эстус,24.10773894621525
2218-10-14,Кеджистан,Эстус,24.123170487666357
2218-10-15,Кеджистан,Эстус,24.138602029119284
2218-10-16,Кеджистан,Эстус,24.15403357057039
2218-10-17,Кеджистан,Эстус,24.1694651120215
2218-10-18,Кеджистан,Эстус,24.184896653472606
2218-10-19,Кеджистан,Эстус,24.200328194923713
2218-10-20,Кеджистан,Эстус,24.21575973637664
2218-10-21,Кеджистан,Эстус,24.231191277827747
2218-10-22,Кеджистан,Эстус,24.246622819278855
2218-10-23,Кеджистан,Эстус,24.262054360729962
2218-10-24,Кеджистан,Эстус,24.27748590218107
2218-10-25,Кеджистан,Эстус,24.292917443632177
2218-10-26,Кеджистан,Эстус,24.308348985085104
2218-10-27,Кеджистан,Эстус,24.32378052653621
2218-10-28,Кеджистан,Эстус,24.33921206798732
2218-10-29,Кеджистан,Эстус,24.354643609438426
2218-10-30,Кеджистан,Эстус,24.370075150889534
2218-10-31,Кеджистан,Эстус,24.38550669234064
2218-11-01,Кеджистан,Эстус,24.534843638091843
2218-11-02,Кеджистан,Эстус,24.55027517954295
2218-11-03,Кеджистан,Эстус,24.565706720995877
2218-11-04,Кеджистан,Эстус,24.581138262446984
2218-11-05,Кеджистан,Эстус,24.596569803898092
2218-11-06,Кеджистан,Эстус,24.6120013453492
2218-11-07,Кеджистан,Эстус,24.627432886800307
2218-11-08,Кеджистан,Эстус,24.642864428251414
2218-11-09,Кеджистан,Эстус,24.65829596970434
2218-11-10,Кеджистан,Эстус,24.673727511155448
2218-11-11,Кеджистан,Эстус,24.689159052606556
2218-11-12,Кеджистан,Эстус,24.704590594057663
2218-11-13,Кеджистан,Эстус,24.72002213550877
2218-11-14,Кеджистан,Эстус,24.735453676959878
2218-11-15,Кеджистан,Эстус,24.750885218412805
2218-11-16,Кеджистан,Эстус,24.766316759863912
2218-11-17,Кеджистан,Эстус,24.78174830131502
2218-11-18,Кеджистан,Эстус,24.797179842766127
2218-11-19,Кеджистан,Эстус,24.812611384217234
2218-11-20,Кеджистан,Эстус,24.82804292567016
2218-11-21,Кеджистан,Эстус,24.84347446712127
2218-11-22,Кеджистан,Эстус,24.858906008572376
2218-11-23,Кеджистан,Эстус,24.874337550023483
2218-11-24,Кеджистан,Эстус,24.88976909147459
2218-11-25,Кеджистан,Эстус,24.9052006329257
2218-11-26,Кеджистан,Эстус,24.920632174378625
2218-11-27,Кеджистан,Эстус,24.936063715829732
2218-11-28,Кеджистан,Эстус,24.95149525728084
2218-11-29,Кеджистан,Эстус,24.966926798731947
2218-11-30,Кеджистан,Эстус,24.982358340183055
2218-12-01,Кеджистан,Эстус,25.147126827383545
2218-12-02,Кеджистан,Эстус,25.162558368834652
2218-12-03,Кеджистан,Эстус,25.17798991028758
2218-12-04,Кеджистан,Эстус,25.193421451738686
2218-12-05,Кеджистан,Эстус,25.208852993189794
2218-12-06,Кеджистан,Эстус,25.2242845346409
2218-12-07,Кеджистан,Эстус,25.23971607609201
2218-12-08,Кеджистан,Эстус,25.255147617543116
2218-12-09,Кеджистан,Эстус,25.270579158996043
2218-12-10,Кеджистан,Эстус,25.28601070044715
2218-12-11,Кеджистан,Эстус,25.301442241898258
2218-12-12,Кеджистан,Эстус,25.316873783349365
2218-12-13,Кеджистан,Эстус,25.332305324800473
2218-12-14,Кеджистан,Эстус,25.34773686625158
2218-12-15,Кеджистан,Эстус,25.363168407704507
2218-12-16,Кеджистан,Эстус,25.378599949155614
2218-12-17,Кеджистан,Эстус,25.39403149060672
2218-12-18,Кеджистан,Эстус,25.40946303205783
2218-12-19,Кеджистан,Эстус,25.424894573508936
2218-12-20,Кеджистан,Эстус,25.440326114961863
2218-12-21,Кеджистан,Эстус,25.45575765641297
2218-12-22,Кеджистан,Эстус,25.471189197864078
2218-12-23,Кеджистан,Эстус,25.486620739315185
2218-12-24,Кеджистан,Эстус,25.502052280766293
2218-12-25,Кеджистан,Эстус,25.5174838222174
2218-12-26,Кеджистан,Эстус,25.532915363670327
2218-09-28,Нокрон,Целебные травы,8.46365044810318
2218-09-29,Нокрон,Целебные травы,8.467492421864335
2218-09-30,Нокрон,Целебные травы,8.4713343956264
2218-10-01,Нокрон,Целебные травы,8.537596467623189
2218-10-02,Нокрон,Целебные травы,8.541438441385253
2218-10-03,Нокрон,Целебные травы,8.545280415146408
2218-10-04,Нокрон,Целебные травы,8.549122388908472
2218-10-05,Нокрон,Целебные травы,8.552964362669627
2218-10-06,Нокрон,Целебные травы,8.556806336430782
2218-10-07,Нокрон,Целебные травы,8.560648310192846
2218-10-08,Нокрон,Целебные травы,8.564490283954001
2218-10-09,Нокрон,Целебные травы,8.568332257716065
2218-10-10,Нокрон,Целебные травы,8.57217423147722
2218-10-11,Нокрон,Целебные травы,8.576016205238375
2218-10-12,Нокрон,Целебные травы,8.57985817900044
2218-10-13,Нокрон,Целебные травы,8.583700152761594
2218-10-14,Нокрон,Целебные травы,8.587542126523658
2218-10-15,Нокрон,Целебные травы,8.591384100284813
2218-10-16,Нокрон,Целебные травы,8.595226074045968
2218-10-17,Нокрон,Целебные травы,8.599068047808032
2218-10-18,Нокрон,Целебные травы,8.602910021569187
2218-10-19,Нокрон,Целебные травы,8.606751995330342
2218-10-20,Нокрон,Целебные травы,8.610593969092406
2218-10-21,Нокрон,Целебные травы,8.61443594285356
2218-10-22,Нокрон,Целебные травы,8.618277916615625
2218-10-23,Нокрон,Целебные травы,8.62211989037678
2218-10-24,Нокрон,Целебные травы,8.625961864137935
2218-10-25,Нокрон,Целебные травы,8.629803837899999
2218-10-26,Нокрон,Целебные травы,8.633645811661154
2218-10-27,Нокрон,Целебные травы,8.637487785423218
2218-10-28,Нокрон,Целебные травы,8.641329759184373
2218-10-29,Нокрон,Целебные травы,8.645171732945528
2218-10-30,Нокрон,Целебные травы,8.649013706707592
2218-10-31,Нокрон,Целебные травы,8.652855680468747
2218-11-01,Нокрон,Целебные травы,8.715275778704381
2218-11-02,Нокрон,Целебные травы,8.719117752466445
2218-11-03,Нокрон,Целебные травы,8.7229597262276
2218-11-04,Нокрон,Целебные травы,8.726801699989664
2218-11-05,Нокрон,Целебные травы,8.73064367375082
2218-11-06,Нокрон,Целебные травы,8.734485647511974
2218-11-07,Нокрон,Целебные травы,8.738327621274038
2218-11-08,Нокрон,Целебные травы,8.742169595035193
2218-11-09,Нокрон,Целебные травы,8.746011568797257
2218-11-10,Нокрон,Целебные травы,8.749853542558412
2218-11-11,Нокрон,Целебные травы,8.753695516319567
2218-11-12,Нокрон,Целебные травы,8.757537490081631
2218-11-13,Нокрон,Целебные травы,8.761379463842786
2218-11-14,Нокрон,Целебные травы,8.76522143760485
2218-11-15,Нокрон,Целебные травы,8.769063411366005
2218-11-16,Нокрон,Целебные травы,8.77290538512716
2218-11-17,Нокрон,Целебные травы,8.776747358889224
2218-11-18,Нокрон,Целебные травы,8.78058933265038
2218-11-19,Нокрон,Целебные травы,8.784431306411534
2218-11-20,Нокрон,Целебные травы,8.788273280173598
2218-11-21,Нокрон,Целебные травы,8.792115253934753
2218-11-22,Нокрон,Целебные травы,8.795957227696817
2218-11-23,Нокрон,Целебные травы,8.799799201457972
2218-11-24,Нокрон,Целебные травы,8.803641175219127
2218-11-25,Нокрон,Целебные травы,8.807483148981191
2218-11-26,Нокрон,Целебные травы,8.811325122742346
2218-11-27,Нокрон,Целебные травы,8.81516709650441
2218-11-28,Нокрон,Целебные травы,8.819009070265565
2218-11-29,Нокрон,Целебные травы,8.82285104402672
2218-11-30,Нокрон,Целебные травы,8.826693017788784
2218-12-01,Нокрон,Целебные травы,8.892955089784664
2218-12-02,Нокрон,Целебные травы,8.896797063546728
2218-12-03,Нокрон,Целебные травы,8.900639037307883
2218-12-04,Нокрон,Целебные травы,8.904481011069947
2218-12-05,Нокрон,Целебные травы,8.908322984831102
2218-12-06,Нокрон,Целебные травы,8.912164958592257
2218-12-07,Нокрон,Целебные травы,8.916006932354321
2218-12-08,Нокрон,Целебные травы,8.919848906115476
2218-12-09,Нокрон,Целебные травы,8.92369087987754
2218-12-10,Нокрон,Целебные травы,8.927532853638695
2218-12-11,Нокрон,Целебные травы,8.93137482739985
2218-12-12,Нокрон,Целебные травы,8.935216801161914
2218-12-13,Нокрон,Целебные травы,8.939058774923069
2218-12-14,Нокрон,Целебные травы,8.942900748685133
2218-12-15,Нокрон,Целебные травы,8.946742722446288
2218-12-16,Нокрон,Целебные травы,8.950584696207443
2218-12-17,Нокрон,Целебные травы,8.954426669969507
2218-12-18,Нокрон,Целебные травы,8.958268643730662
2218-12-19,Нокрон,Целебные травы,8.962110617491817
2218-12-20,Нокрон,Целебные травы,8.965952591253881
2218-12-21,Нокрон,Целебные травы,8.969794565015036
2218-12-22,Нокрон,Целебные травы,8.9736365387771
2218-12-23,Нокрон,Целебные травы,8.977478512538255
2218-12-24,Нокрон,Целебные травы,8.98132048629941
2218-12-25,Нокрон,Целебные травы,8.985162460061474
2218-12-26,Нокрон,Целебные травы,8.989004433822629
2218-09-28,Нокрон,Эльфийская пыльца,16.424201023984097
2218-09-29,Нокрон,Эльфийская пыльца,16.435471497596154
2218-09-30,Нокрон,Эльфийская пыльца,16.44674197120912
2218-10-01,Нокрон,Эльфийская пыльца,16.37389674070255
2218-10-02,Нокрон,Эльфийская пыльца,16.385167214315516
2218-10-03,Нокрон,Эльфийская пыльца,16.396437687927573
2218-10-04,Нокрон,Эльфийская пыльца,16.40770816154054
2218-10-05,Нокрон,Эльфийская пыльца,16.418978635152598
2218-10-06,Нокрон,Эльфийская пыльца,16.430249108765565
2218-10-07,Нокрон,Эльфийская пыльца,16.441519582377623
2218-10-08,Нокрон,Эльфийская пыльца,16.45279005598968
2218-10-09,Нокрон,Эльфийская пыльца,16.464060529602648
2218-10-10,Нокрон,Эльфийская пыльца,16.475331003214706
2218-10-11,Нокрон,Эльфийская пыльца,16.486601476827673
2218-10-12,Нокрон,Эльфийская пыльца,16.49787195043973
2218-10-13,Нокрон,Эльфийская пыльца,16.509142424052698
2218-10-14,Нокрон,Эльфийская пыльца,16.520412897664755
2218-10-15,Нокрон,Эльфийская пыльца,16.531683371276813
2218-10-16,Нокрон,Эльфийская пыльца,16.54295384488978
2218-10-17,Нокрон,Эльфийская пыльца,16.554224318501838
2218-10-18,Нокрон,Эльфийская пыльца,16.565494792114805
2218-10-19,Нокрон,Эльфийская пыльца,16.576765265726863
2218-10-20,Нокрон,Эльфийская пыльца,16.58803573933983
2218-10-21,Нокрон,Эльфийская пыльца,16.599306212951888
2218-10-22,Нокрон,Эльфийская пыльца,16.610576686563945
2218-10-23,Нокрон,Эльфийская пыльца,16.621847160176912
2218-10-24,Нокрон,Эльфийская пыльца,16.63311763378897
2218-10-25,Нокрон,Эльфийская пыльца,16.644388107401937
2218-10-26,Нокрон,Эльфийская пыльца,16.655658581013995
2218-10-27,Нокрон,Эльфийская пыльца,16.666929054626962
2218-10-28,Нокрон,Эльфийская пыльца,16.67819952823902
2218-10-29,Нокрон,Эльфийская пыльца,16.689470001851078
2218-10-30,Нокрон,Эльфийская пыльца,16.700740475464045
2218-10-31,Нокрон,Эльфийская пыльца,16.712010949076102
2218-11-01,Нокрон,Эльфийская пыльца,16.62789524495747
2218-11-02,Нокрон,Эльфийская пыльца,16.63916571857044
2218-11-03,Нокрон,Эльфийская пыльца,16.650436192182497
2218-11-04,Нокрон,Эльфийская пыльца,16.661706665795464
2218-11-05,Нокрон,Эльфийская пыльца,16.67297713940752
2218-11-06,Нокрон,Эльфийская пыльца,16.68424761302049
2218-11-07,Нокрон,Эльфийская пыльца,16.695518086632546
2218-11-08,Нокрон,Эльфийская пыльца,16.706788560244604
2218-11-09,Нокрон,Эльфийская пыльца,16.71805903385757
2218-11-10,Нокрон,Эльфийская пыльца,16.72932950746963
2218-11-11,Нокрон,Эльфийская пыльца,16.740599981082596
2218-11-12,Нокрон,Эльфийская пыльца,16.751870454694654
2218-11-13,Нокрон,Эльфийская пыльца,16.76314092830762
2218-11-14,Нокрон,Эльфийская пыльца,16.77441140191968
2218-11-15,Нокрон,Эльфийская пыльца,16.785681875531736
2218-11-16,Нокрон,Эльфийская пыльца,16.796952349144703
2218-11-17,Нокрон,Эльфийская пыльца,16.80822282275676
2218-11-18,Нокрон,Эльфийская пыльца,16.81949329636973
2218-11-19,Нокрон,Эльфийская пыльца,16.830763769981786
2218-11-20,Нокрон,Эльфийская пыльца,16.842034243594753
2218-11-21,Нокрон,Эльфийская пыльца,16.85330471720681
2218-11-22,Нокрон,Эльфийская пыльца,16.86457519081887
2218-11-23,Нокрон,Эльфийская пыльца,16.875845664431836
2218-11-24,Нокрон,Эльфийская пыльца,16.887116138043893
2218-11-25,Нокрон,Эльфийская пыльца,16.89838661165686
2218-11-26,Нокрон,Эльфийская пыльца,16.90965708526892
2218-11-27,Нокрон,Эльфийская пыльца,16.920927558881885
2218-11-28,Нокрон,Эльфийская пыльца,16.932198032493943
2218-11-29,Нокрон,Эльфийская пыльца,16.943468506106
2218-11-30,Нокрон,Эльфийская пыльца,16.954738979718968
2218-12-01,Нокрон,Эльфийская пыльца,16.881893749211486
2218-12-02,Нокрон,Эльфийская пыльца,16.893164222824453
2218-12-03,Нокрон,Эльфийская пыльца,16.90443469643651
2218-12-04,Нокрон,Эльфийская пыльца,16.915705170049478
2218-12-05,Нокрон,Эльфийская пыльца,16.926975643661535
2218-12-06,Нокрон,Эльфийская пыльца,16.938246117274502
2218-12-07,Нокрон,Эльфийская пыльца,16.94951659088656
2218-12-08,Нокрон,Эльфийская пыльца,16.960787064498618
2218-12-09,Нокрон,Эльфийская пыльца,16.972057538111585
2218-12-10,Нокрон,Эльфийская пыльца,16.983328011723643
2218-12-11,Нокрон,Эльфийская пыльца,16.99459848533661
2218-12-12,Нокрон,Эльфийская пыльца,17.005868958948668
2218-12-13,Нокрон,Эльфийская пыльца,17.017139432561635
2218-12-14,Нокрон,Эльфийская пыльца,17.028409906173692
2218-12-15,Нокрон,Эльфийская пыльца,17.03968037978575
2218-12-16,Нокрон,Эльфийская пыльца,17.050950853398717
2218-12-17,Нокрон,Эльфийская пыльца,17.062221327010775
2218-12-18,Нокрон,Эльфийская пыльца,17.073491800623742
2218-12-19,Нокрон,Эльфийская пыльца,17.0847622742358
2218-12-20,Нокрон,Эльфийская пыльца,17.096032747848767
2218-12-21,Нокрон,Эльфийская пыльца,17.107303221460825
2218-12-22,Нокрон,Эльфийская пыльца,17.118573695072882
2218-12-23,Нокрон,Эльфийская пыльца,17.12984416868585
2218-12-24,Нокрон,Эльфийская пыльца,17.141114642297907
2218-12-25,Нокрон,Эльфийская пыльца,17.152385115910874
2218-12-26,Нокрон,Эльфийская пыльца,17.163655589522932
2218-09-28,Нокрон,Эстус,10.442980312455802
2218-09-29,Нокрон,Эстус,10.448042009357778
2218-09-30,Нокрон,Эстус,10.453103706260663
2218-10-01,Нокрон,Эстус,10.519249909736573
2218-10-02,Нокрон,Эстус,10.524311606639458
2218-10-03,Нокрон,Эстус,10.529373303541433
2218-10-04,Нокрон,Эстус,10.534435000443409
2218-10-05,Нокрон,Эстус,10.539496697346294
2218-10-06,Нокрон,Эстус,10.54455839424827
2218-10-07,Нокрон,Эстус,10.549620091151155
2218-10-08,Нокрон,Эстус,10.55468178805313
2218-10-09,Нокрон,Эстус,10.559743484955106
2218-10-10,Нокрон,Эстус,10.564805181857992
2218-10-11,Нокрон,Эстус,10.569866878759967
2218-10-12,Нокрон,Эстус,10.574928575661943
2218-10-13,Нокрон,Эстус,10.579990272564828
2218-10-14,Нокрон,Эстус,10.585051969466804
2218-10-15,Нокрон,Эстус,10.59011366636878
2218-10-16,Нокрон,Эстус,10.595175363271665
2218-10-17,Нокрон,Эстус,10.60023706017364
2218-10-18,Нокрон,Эстус,10.605298757075616
2218-10-19,Нокрон,Эстус,10.610360453978501
2218-10-20,Нокрон,Эстус,10.615422150880477
2218-10-21,Нокрон,Эстус,10.620483847783362
2218-10-22,Нокрон,Эстус,10.625545544685338
2218-10-23,Нокрон,Эстус,10.630607241587313
2218-10-24,Нокрон,Эстус,10.635668938490198
2218-10-25,Нокрон,Эстус,10.640730635392174
2218-10-26,Нокрон,Эстус,10.64579233229415
2218-10-27,Нокрон,Эстус,10.650854029197035
2218-10-28,Нокрон,Эстус,10.65591572609901
2218-10-29,Нокрон,Эстус,10.660977423000986
2218-10-30,Нокрон,Эстус,10.666039119903871
2218-10-31,Нокрон,Эстус,10.671100816805847
2218-11-01,Нокрон,Эстус,10.73218532338069
2218-11-02,Нокрон,Эстус,10.737247020283576
2218-11-03,Нокрон,Эстус,10.742308717185551
2218-11-04,Нокрон,Эстус,10.747370414087527
2218-11-05,Нокрон,Эстус,10.752432110990412
2218-11-06,Нокрон,Эстус,10.757493807892388
2218-11-07,Нокрон,Эстус,10.762555504795273
2218-11-08,Нокрон,Эстус,10.767617201697249
2218-11-09,Нокрон,Эстус,10.772678898599224
2218-11-10,Нокрон,Эстус,10.77774059550211
2218-11-11,Нокрон,Эстус,10.782802292404085
2218-11-12,Нокрон,Эстус,10.78786398930606
2218-11-13,Нокрон,Эстус,10.792925686208946
2218-11-14,Нокрон,Эстус,10.797987383110922
2218-11-15,Нокрон,Эстус,10.803049080012897
2218-11-16,Нокрон,Эстус,10.808110776915782
2218-11-17,Нокрон,Эстус,10.813172473817758
2218-11-18,Нокрон,Эстус,10.818234170719734
2218-11-19,Нокрон,Эстус,10.823295867622619
2218-11-20,Нокрон,Эстус,10.828357564524595
2218-11-21,Нокрон,Эстус,10.83341926142748
2218-11-22,Нокрон,Эстус,10.838480958329455
2218-11-23,Нокрон,Эстус,10.843542655231431
2218-11-24,Нокрон,Эстус,10.848604352134316
2218-11-25,Нокрон,Эстус,10.853666049036292
2218-11-26,Нокрон,Эстус,10.858727745938268
2218-11-27,Нокрон,Эстус,10.863789442841153
2218-11-28,Нокрон,Эстус,10.868851139743128
2218-11-29,Нокрон,Эстус,10.873912836645104
2218-11-30,Нокрон,Эстус,10.87897453354799
2218-12-01,Нокрон,Эстус,10.945120737024808
2218-12-02,Нокрон,Эстус,10.950182433927694
2218-12-03,Нокрон,Эстус,10.95524413082967
2218-12-04,Нокрон,Эстус,10.960305827731645
2218-12-05,Нокрон,Эстус,10.96536752463453
2218-12-06,Нокрон,Эстус,10.970429221536506
2218-12-07,Нокрон,Эстус,10.975490918439391
2218-12-08,Нокрон,Эстус,10.980552615341367
2218-12-09,Нокрон,Эстус,10.985614312243342
2218-12-10,Нокрон,Эстус,10.990676009146227
2218-12-11,Нокрон,Эстус,10.995737706048203
2218-12-12,Нокрон,Эстус,11.000799402950179
2218-12-13,Нокрон,Эстус,11.005861099853064
2218-12-14,Нокрон,Эстус,11.01092279675504
2218-12-15,Нокрон,Эстус,11.015984493657015
2218-12-16,Нокрон,Эстус,11.0210461905599
2218-12-17,Нокрон,Эстус,11.026107887461876
2218-12-18,Нокрон,Эстус,11.031169584363852
2218-12-19,Нокрон,Эстус,11.036231281266737
2218-12-20,Нокрон,Эстус,11.041292978168713
2218-12-21,Нокрон,Эстус,11.046354675071598
2218-12-22,Нокрон,Эстус,11.051416371973573
2218-12-23,Нокрон,Эстус,11.056478068875549
2218-12-24,Нокрон,Эстус,11.061539765778434
2218-12-25,Нокрон,Эстус,11.06660146268041
2218-12-26,Нокрон,Эстус,11.071663159582386
2218-09-28,Фалькония,Целебные травы,12.91582124247816
2218-09-29,Фалькония,Целебные травы,12.920476375527869
2218-09-30,Фалькония,Целебные травы,12.925131508577579
2218-10-01,Фалькония,Целебные травы,13.008378066482692
2218-10-02,Фалькония,Целебные травы,13.013033199531492
2218-10-03,Фалькония,Целебные травы,13.017688332581201
2218-10-04,Фалькония,Целебные травы,13.022343465630911
2218-10-05,Фалькония,Целебные травы,13.02699859868062
2218-10-06,Фалькония,Целебные травы,13.03165373172942
2218-10-07,Фалькония,Целебные травы,13.03630886477913
2218-10-08,Фалькония,Целебные травы,13.04096399782884
2218-10-09,Фалькония,Целебные травы,13.04561913087855
2218-10-10,Фалькония,Целебные травы,13.05027426392735
2218-10-11,Фалькония,Целебные травы,13.054929396977059
2218-10-12,Фалькония,Целебные травы,13.059584530026768
2218-10-13,Фалькония,Целебные травы,13.064239663076478
2218-10-14,Фалькония,Целебные травы,13.068894796125278
2218-10-15,Фалькония,Целебные травы,13.073549929174987
2218-10-16,Фалькония,Целебные травы,13.078205062224697
2218-10-17,Фалькония,Целебные травы,13.082860195273497
2218-10-18,Фалькония,Целебные травы,13.087515328323207
2218-10-19,Фалькония,Целебные травы,13.092170461372916
2218-10-20,Фалькония,Целебные травы,13.096825594422626
2218-10-21,Фалькония,Целебные травы,13.101480727471426
2218-10-22,Фалькония,Целебные травы,13.106135860521135
2218-10-23,Фалькония,Целебные травы,13.110790993570845
2218-10-24,Фалькония,Целебные травы,13.115446126620554
2218-10-25,Фалькония,Целебные травы,13.120101259669354
2218-10-26,Фалькония,Целебные травы,13.124756392719064
2218-10-27,Фалькония,Целебные травы,13.129411525768774
2218-10-28,Фалькония,Целебные травы,13.134066658817574
2218-10-29,Фалькония,Целебные травы,13.138721791867283
2218-10-30,Фалькония,Целебные травы,13.143376924916993
2218-10-31,Фалькония,Целебные травы,13.148032057966702
2218-11-01,Фалькония,Целебные травы,13.226623482822106
2218-11-02,Фалькония,Целебные травы,13.231278615870906
2218-11-03,Фалькония,Целебные травы,13.235933748920615
2218-11-04,Фалькония,Целебные травы,13.240588881970325
2218-11-05,Фалькония,Целебные травы,13.245244015020035
2218-11-06,Фалькония,Целебные травы,13.249899148068835
2218-11-07,Фалькония,Целебные травы,13.254554281118544
2218-11-08,Фалькония,Целебные травы,13.259209414168254
2218-11-09,Фалькония,Целебные травы,13.263864547217963
2218-11-10,Фалькония,Целебные травы,13.268519680266763
2218-11-11,Фалькония,Целебные травы,13.273174813316473
2218-11-12,Фалькония,Целебные травы,13.277829946366182
2218-11-13,Фалькония,Целебные травы,13.282485079415892
2218-11-14,Фалькония,Целебные травы,13.287140212464692
2218-11-15,Фалькония,Целебные травы,13.291795345514402
2218-11-16,Фалькония,Целебные травы,13.296450478564111
2218-11-17,Фалькония,Целебные травы,13.301105611612911
2218-11-18,Фалькония,Целебные травы,13.30576074466262
2218-11-19,Фалькония,Целебные травы,13.31041587771233
2218-11-20,Фалькония,Целебные травы,13.31507101076204
2218-11-21,Фалькония,Целебные травы,13.31972614381084
2218-11-22,Фалькония,Целебные травы,13.32438127686055
2218-11-23,Фалькония,Целебные травы,13.329036409910259
2218-11-24,Фалькония,Целебные травы,13.333691542959969
2218-11-25,Фалькония,Целебные травы,13.338346676008769
2218-11-26,Фалькония,Целебные травы,13.343001809058478
2218-11-27,Фалькония,Целебные травы,13.347656942108188
2218-11-28,Фалькония,Целебные травы,13.352312075156988
2218-11-29,Фалькония,Целебные травы,13.356967208206697
2218-11-30,Фалькония,Целебные травы,13.361622341256407
2218-12-01,Фалькония,Целебные травы,13.44486889916243
2218-12-02,Фалькония,Целебные травы,13.44952403221123
2218-12-03,Фалькония,Целебные травы,13.454179165260939
2218-12-04,Фалькония,Целебные травы,13.458834298310649
2218-12-05,Фалькония,Целебные травы,13.463489431360358
2218-12-06,Фалькония,Целебные травы,13.468144564409158
2218-12-07,Фалькония,Целебные травы,13.472799697458868
2218-12-08,Фалькония,Целебные травы,13.477454830508577
2218-12-09,Фалькония,Целебные травы,13.482109963558287
2218-12-10,Фалькония,Целебные травы,13.486765096607087
2218-12-11,Фалькония,Целебные травы,13.491420229656796
2218-12-12,Фалькония,Целебные травы,13.496075362706506
2218-12-13,Фалькония,Целебные травы,13.500730495756216
2218-12-14,Фалькония,Целебные травы,13.505385628805016
2218-12-15,Фалькония,Целебные травы,13.510040761854725
2218-12-16,Фалькония,Целебные травы,13.514695894904435
2218-12-17,Фалькония,Целебные травы,13.519351027953235
2218-12-18,Фалькония,Целебные травы,13.524006161002944
2218-12-19,Фалькония,Целебные травы,13.528661294052654
2218-12-20,Фалькония,Целебные травы,13.533316427102363
2218-12-21,Фалькония,Целебные травы,13.537971560151163
2218-12-22,Фалькония,Целебные травы,13.542626693200873
2218-12-23,Фалькония,Целебные травы,13.547281826250583
2218-12-24,Фалькония,Целебные травы,13.551936959300292
2218-12-25,Фалькония,Целебные травы,13.556592092349092
2218-12-26,Фалькония,Целебные травы,13.561247225398802
2218-09-28,Фалькония,Эльфийская пыльца,18.51398522880936
2218-09-29,Фалькония,Эльфийская пыльца,18.518273675809723
2218-09-30,Фалькония,Эльфийская пыльца,18.522562122810996
2218-10-01,Фалькония,Эльфийская пыльца,18.64493438242971
2218-10-02,Фалькония,Эльфийская пыльца,18.649222829430073
2218-10-03,Фалькония,Эльфийская пыльца,18.653511276431345
2218-10-04,Фалькония,Эльфийская пыльца,18.657799723431708
2218-10-05,Фалькония,Эльфийская пыльца,18.66208817043298
2218-10-06,Фалькония,Эльфийская пыльца,18.666376617434253
2218-10-07,Фалькония,Эльфийская пыльца,18.670665064434615
2218-10-08,Фалькония,Эльфийская пыльца,18.674953511435888
2218-10-09,Фалькония,Эльфийская пыльца,18.67924195843625
2218-10-10,Фалькония,Эльфийская пыльца,18.683530405437523
2218-10-11,Фалькония,Эльфийская пыльца,18.687818852438795
2218-10-12,Фалькония,Эльфийская пыльца,18.692107299439158
2218-10-13,Фалькония,Эльфийская пыльца,18.69639574644043
2218-10-14,Фалькония,Эльфийская пыльца,18.700684193440793
2218-10-15,Фалькония,Эльфийская пыльца,18.704972640442065
2218-10-16,Фалькония,Эльфийская пыльца,18.709261087443338
2218-10-17,Фалькония,Эльфийская пыльца,18.7135495344437
2218-10-18,Фалькония,Эльфийская пыльца,18.717837981444973
2218-10-19,Фалькония,Эльфийская пыльца,18.722126428445335
2218-10-20,Фалькония,Эльфийская пыльца,18.726414875446608
2218-10-21,Фалькония,Эльфийская пыльца,18.73070332244788
2218-10-22,Фалькония,Эльфийская пыльца,18.734991769448243
2218-10-23,Фалькония,Эльфийская пыльца,18.739280216449515
2218-10-24,Фалькония,Эльфийская пыльца,18.743568663449878
2218-10-25,Фалькония,Эльфийская пыльца,18.74785711045115
2218-10-26,Фалькония,Эльфийская пыльца,18.752145557452423
2218-10-27,Фалькония,Эльфийская пыльца,18.756434004452785
2218-10-28,Фалькония,Эльфийская пыльца,18.760722451454058
2218-10-29,Фалькония,Эльфийская пыльца,18.76501089845442
2218-10-30,Фалькония,Эльфийская пыльца,18.769299345455693
2218-10-31,Фалькония,Эльфийская пыльца,18.773587792456965
2218-11-01,Фалькония,Эльфийская пыльца,18.891671605074407
2218-11-02,Фалькония,Эльфийская пыльца,18.89596005207477
2218-11-03,Фалькония,Эльфийская пыльца,18.900248499076042
2218-11-04,Фалькония,Эльфийская пыльца,18.904536946076405
2218-11-05,Фалькония,Эльфийская пыльца,18.908825393077677
2218-11-06,Фалькония,Эльфийская пыльца,18.91311384007895
2218-11-07,Фалькония,Эльфийская пыльца,18.917402287079312
2218-11-08,Фалькония,Эльфийская пыльца,18.921690734080585
2218-11-09,Фалькония,Эльфийская пыльца,18.925979181080947
2218-11-10,Фалькония,Эльфийская пыльца,18.93026762808222
2218-11-11,Фалькония,Эльфийская пыльца,18.934556075083492
2218-11-12,Фалькония,Эльфийская пыльца,18.938844522083855
2218-11-13,Фалькония,Эльфийская пыльца,18.943132969085127
2218-11-14,Фалькония,Эльфийская пыльца,18.94742141608549
2218-11-15,Фалькония,Эльфийская пыльца,18.951709863086762
2218-11-16,Фалькония,Эльфийская пыльца,18.955998310088034
2218-11-17,Фалькония,Эльфийская пыльца,18.960286757088397
2218-11-18,Фалькония,Эльфийская пыльца,18.96457520408967
2218-11-19,Фалькония,Эльфийская пыльца,18.968863651090032
2218-11-20,Фалькония,Эльфийская пыльца,18.973152098091305
2218-11-21,Фалькония,Эльфийская пыльца,18.977440545092577
2218-11-22,Фалькония,Эльфийская пыльца,18.98172899209294
2218-11-23,Фалькония,Эльфийская пыльца,18.986017439094212
2218-11-24,Фалькония,Эльфийская пыльца,18.990305886094575
2218-11-25,Фалькония,Эльфийская пыльца,18.994594333095847
2218-11-26,Фалькония,Эльфийская пыльца,18.99888278009712
2218-11-27,Фалькония,Эльфийская пыльца,19.003171227097482
2218-11-28,Фалькония,Эльфийская пыльца,19.007459674098754
2218-11-29,Фалькония,Эльфийская пыльца,19.011748121099117
2218-11-30,Фалькония,Эльфийская пыльца,19.01603656810039
2218-12-01,Фалькония,Эльфийская пыльца,19.138408827719104
2218-12-02,Фалькония,Эльфийская пыльца,19.142697274719467
2218-12-03,Фалькония,Эльфийская пыльца,19.14698572172074
2218-12-04,Фалькония,Эльфийская пыльца,19.151274168721102
2218-12-05,Фалькония,Эльфийская пыльца,19.155562615722374
2218-12-06,Фалькония,Эльфийская пыльца,19.159851062723646
2218-12-07,Фалькония,Эльфийская пыльца,19.16413950972401
2218-12-08,Фалькония,Эльфийская пыльца,19.16842795672528
2218-12-09,Фалькония,Эльфийская пыльца,19.172716403725644
2218-12-10,Фалькония,Эльфийская пыльца,19.177004850726917
2218-12-11,Фалькония,Эльфийская пыльца,19.18129329772819
2218-12-12,Фалькония,Эльфийская пыльца,19.18558174472855
2218-12-13,Фалькония,Эльфийская пыльца,19.189870191729824
2218-12-14,Фалькония,Эльфийская пыльца,19.194158638730187
2218-12-15,Фалькония,Эльфийская пыльца,19.19844708573146
2218-12-16,Фалькония,Эльфийская пыльца,19.20273553273273
2218-12-17,Фалькония,Эльфийская пыльца,19.207023979733094
2218-12-18,Фалькония,Эльфийская пыльца,19.211312426734366
2218-12-19,Фалькония,Эльфийская пыльца,19.21560087373473
2218-12-20,Фалькония,Эльфийская пыльца,19.219889320736
2218-12-21,Фалькония,Эльфийская пыльца,19.224177767737274
2218-12-22,Фалькония,Эльфийская пыльца,19.228466214737637
2218-12-23,Фалькония,Эльфийская пыльца,19.23275466173891
2218-12-24,Фалькония,Эльфийская пыльца,19.23704310873927
2218-12-25,Фалькония,Эльфийская пыльца,19.241331555740544
2218-12-26,Фалькония,Эльфийская пыльца,19.245620002741816
2218-09-28,Фалькония,Эстус,15.24389539463391
2218-09-29,Фалькония,Эстус,15.25586464742355
2218-09-30,Фалькония,Эстус,15.26783390021319
2218-10-01,Фалькония,Эстус,15.192088251609675
2218-10-02,Фалькония,Эстус,15.204057504399316
2218-10-03,Фалькония,Эстус,15.216026757188047
2218-10-04,Фалькония,Эстус,15.227996009977687
2218-10-05,Фалькония,Эстус,15.239965262767328
2218-10-06,Фалькония,Эстус,15.251934515556968
2218-10-07,Фалькония,Эстус,15.263903768346609
2218-10-08,Фалькония,Эстус,15.27587302113534
2218-10-09,Фалькония,Эстус,15.28784227392498
2218-10-10,Фалькония,Эстус,15.29981152671462
2218-10-11,Фалькония,Эстус,15.31178077950426
2218-10-12,Фалькония,Эстус,15.323750032293901
2218-10-13,Фалькония,Эстус,15.335719285082632
2218-10-14,Фалькония,Эстус,15.347688537872273
2218-10-15,Фалькония,Эстус,15.359657790661913
2218-10-16,Фалькония,Эстус,15.371627043451554
2218-10-17,Фалькония,Эстус,15.383596296241194
2218-10-18,Фалькония,Эстус,15.395565549029925
2218-10-19,Фалькония,Эстус,15.407534801819565
2218-10-20,Фалькония,Эстус,15.419504054609206
2218-10-21,Фалькония,Эстус,15.431473307398846
2218-10-22,Фалькония,Эстус,15.443442560188487
2218-10-23,Фалькония,Эстус,15.455411812977218
2218-10-24,Фалькония,Эстус,15.467381065766858
2218-10-25,Фалькония,Эстус,15.479350318556499
2218-10-26,Фалькония,Эстус,15.49131957134614
2218-10-27,Фалькония,Эстус,15.50328882413578
2218-10-28,Фалькония,Эстус,15.51525807692451
2218-10-29,Фалькония,Эстус,15.527227329714151
2218-10-30,Фалькония,Эстус,15.539196582503791
2218-10-31,Фалькония,Эстус,15.551165835293432
2218-11-01,Фалькония,Эстус,15.463450933900276
2218-11-02,Фалькония,Эстус,15.475420186689917
2218-11-03,Фалькония,Эстус,15.487389439478648
2218-11-04,Фалькония,Эстус,15.499358692268288
2218-11-05,Фалькония,Эстус,15.511327945057928
2218-11-06,Фалькония,Эстус,15.523297197847569
2218-11-07,Фалькония,Эстус,15.53526645063721
2218-11-08,Фалькония,Эстус,15.54723570342594
2218-11-09,Фалькония,Эстус,15.55920495621558
2218-11-10,Фалькония,Эстус,15.571174209005221
2218-11-11,Фалькония,Эстус,15.583143461794862
2218-11-12,Фалькония,Эстус,15.595112714584502
2218-11-13,Фалькония,Эстус,15.607081967373233
2218-11-14,Фалькония,Эстус,15.619051220162874
2218-11-15,Фалькония,Эстус,15.631020472952514
2218-11-16,Фалькония,Эстус,15.642989725742154
2218-11-17,Фалькония,Эстус,15.654958978531795
2218-11-18,Фалькония,Эстус,15.666928231320526
2218-11-19,Фалькония,Эстус,15.678897484110166
2218-11-20,Фалькония,Эстус,15.690866736899807
2218-11-21,Фалькония,Эстус,15.702835989689447
2218-11-22,Фалькония,Эстус,15.714805242479088
2218-11-23,Фалькония,Эстус,15.726774495267819
2218-11-24,Фалькония,Эстус,15.738743748057459
2218-11-25,Фалькония,Эстус,15.7507130008471
2218-11-26,Фалькония,Эстус,15.76268225363674
2218-11-27,Фалькония,Эстус,15.77465150642638
2218-11-28,Фалькония,Эстус,15.786620759215111
2218-11-29,Фалькония,Эстус,15.798590012004752
2218-11-30,Фалькония,Эстус,15.810559264794392
2218-12-01,Фалькония,Эстус,15.734813616190877
2218-12-02,Фалькония,Эстус,15.746782868980517
2218-12-03,Фалькония,Эстус,15.758752121769248
2218-12-04,Фалькония,Эстус,15.770721374558889
2218-12-05,Фалькония,Эстус,15.78269062734853
2218-12-06,Фалькония,Эстус,15.79465988013817
2218-12-07,Фалькония,Эстус,15.80662913292781
2218-12-08,Фалькония,Эстус,15.818598385716541
2218-12-09,Фалькония,Эстус,15.830567638506182
2218-12-10,Фалькония,Эстус,15.842536891295822
2218-12-11,Фалькония,Эстус,15.854506144085462
2218-12-12,Фалькония,Эстус,15.866475396875103
2218-12-13,Фалькония,Эстус,15.878444649663834
2218-12-14,Фалькония,Эстус,15.890413902453474
2218-12-15,Фалькония,Эстус,15.902383155243115
2218-12-16,Фалькония,Эстус,15.914352408032755
2218-12-17,Фалькония,Эстус,15.926321660822396
2218-12-18,Фалькония,Эстус,15.938290913611127
2218-12-19,Фалькония,Эстус,15.950260166400767
2218-12-20,Фалькония,Эстус,15.962229419190407
2218-12-21,Фалькония,Эстус,15.974198671980048
2218-12-22,Фалькония,Эстус,15.986167924769688
2218-12-23,Фалькония,Эстус,15.99813717755842
2218-12-24,Фалькония,Эстус,16.01010643034806
2218-12-25,Фалькония,Эстус,16.0220756831377
2218-12-26,Фалькония,Эстус,16.03404493592734
